-- phpMyAdmin SQL Dump
-- version 5.2.1
-- https://www.phpmyadmin.net/
--
-- Host: 127.0.0.1
-- Generation Time: Dec 04, 2023 at 08:05 AM
-- Server version: 10.4.28-MariaDB
-- PHP Version: 8.0.28

SET SQL_MODE = "NO_AUTO_VALUE_ON_ZERO";
START TRANSACTION;
SET time_zone = "+00:00";


/*!40101 SET @OLD_CHARACTER_SET_CLIENT=@@CHARACTER_SET_CLIENT */;
/*!40101 SET @OLD_CHARACTER_SET_RESULTS=@@CHARACTER_SET_RESULTS */;
/*!40101 SET @OLD_COLLATION_CONNECTION=@@COLLATION_CONNECTION */;
/*!40101 SET NAMES utf8mb4 */;

--
-- Database: `threetech`
--

-- --------------------------------------------------------

--
-- Table structure for table `chamcong`
--

CREATE TABLE `chamcong` (
  `chamCongId` int(11) NOT NULL,
  `nhanVienId` int(11) NOT NULL,
  `thoiGian` datetime NOT NULL DEFAULT current_timestamp()
) ENGINE=InnoDB DEFAULT CHARSET=utf8 COLLATE=utf8_unicode_ci;

--
-- Dumping data for table `chamcong`
--

INSERT INTO `chamcong` (`chamCongId`, `nhanVienId`, `thoiGian`) VALUES
(8, 1, '2022-12-10 18:01:17'),
(9, 3, '2022-11-26 18:03:08'),
(10, 8, '2022-11-26 18:07:49'),
(11, 7, '2022-11-26 18:17:26'),
(13, 12, '2022-11-26 19:11:19'),
(14, 1, '2022-12-14 20:10:11'),
(15, 1, '2022-12-15 16:15:03'),
(16, 7, '2022-12-15 16:23:27'),
(17, 21, '2022-12-15 22:32:10'),
(18, 13, '2022-12-15 22:32:23');

-- --------------------------------------------------------

--
-- Table structure for table `chitiethoadon`
--

CREATE TABLE `chitiethoadon` (
  `chitiethoadonID` int(11) NOT NULL,
  `madonhang` varchar(255) NOT NULL,
  `sanPhamId` int(11) NOT NULL,
  `soLuong` int(11) NOT NULL,
  `dagiaohang` int(1) NOT NULL DEFAULT 0,
  `hoantien` int(1) NOT NULL DEFAULT 0
) ENGINE=InnoDB DEFAULT CHARSET=utf8 COLLATE=utf8_unicode_ci;

--
-- Dumping data for table `chitiethoadon`
--

INSERT INTO `chitiethoadon` (`chitiethoadonID`, `madonhang`, `sanPhamId`, `soLuong`, `dagiaohang`, `hoantien`) VALUES
(32, '1701673294', 38, 1, 0, 0),
(33, '1900728909', 37, 1, 0, 0),
(34, '1900728909', 39, 1, 0, 0);

-- --------------------------------------------------------

--
-- Table structure for table `chuyenmuc`
--

CREATE TABLE `chuyenmuc` (
  `chuyenMucId` int(11) NOT NULL,
  `tenChuyenMuc` varchar(255) NOT NULL,
  `duongDanChuyenMuc` varchar(255) NOT NULL
) ENGINE=InnoDB DEFAULT CHARSET=utf8 COLLATE=utf8_unicode_ci;

--
-- Dumping data for table `chuyenmuc`
--

INSERT INTO `chuyenmuc` (`chuyenMucId`, `tenChuyenMuc`, `duongDanChuyenMuc`) VALUES
(1, 'Laptop', 'may-tinh-laptop'),
(2, 'Maytinh', 'may-tinh-pc'),
(3, 'Linhkien', 'linh-kien');

-- --------------------------------------------------------

--
-- Table structure for table `dathang`
--

CREATE TABLE `dathang` (
  `datHangId` int(11) NOT NULL,
  `madonhang` varchar(255) NOT NULL,
  `tenNguoiNhan` varchar(25) NOT NULL,
  `soDienThoai` varchar(11) NOT NULL,
  `diaChi` varchar(255) NOT NULL,
  `thoigian` datetime NOT NULL DEFAULT current_timestamp()
) ENGINE=InnoDB DEFAULT CHARSET=utf8 COLLATE=utf8_unicode_ci;

--
-- Dumping data for table `dathang`
--

INSERT INTO `dathang` (`datHangId`, `madonhang`, `tenNguoiNhan`, `soDienThoai`, `diaChi`, `thoigian`) VALUES
(26, '1701673124', 'Chu Minh Nam', '0379962045', 'Thái Hòa, Ba Vì, Hà Nội', '2023-12-04 13:58:44'),
(27, '1701673294', 'Chu Minh Nam', '0379962045', 'Thái Hòa, Ba Vì, Hà Nội', '2023-12-04 14:01:34'),
(28, '1900728909', 'Chu Minh Nam', '0379962045', 'Thái Hòa, Ba Vì, Hà Nội', '2023-12-04 14:02:51');

-- --------------------------------------------------------

--
-- Table structure for table `giohang`
--

CREATE TABLE `giohang` (
  `gioHangId` int(11) NOT NULL,
  `sanPhamId` int(11) NOT NULL,
  `khachHangId` int(11) NOT NULL,
  `soLuong` int(11) NOT NULL
) ENGINE=InnoDB DEFAULT CHARSET=utf8 COLLATE=utf8_unicode_ci;

--
-- Dumping data for table `giohang`
--

INSERT INTO `giohang` (`gioHangId`, `sanPhamId`, `khachHangId`, `soLuong`) VALUES
(38, 23, 2, 1),
(39, 1, 2, 1),
(40, 19, 2, 1),
(41, 34, 2, 1);

-- --------------------------------------------------------

--
-- Table structure for table `khachhang`
--

CREATE TABLE `khachhang` (
  `khachHangId` int(11) NOT NULL,
  `taiKhoan` varchar(255) NOT NULL,
  `matKhau` varchar(255) NOT NULL,
  `hoTen` varchar(255) NOT NULL,
  `soDienThoai` varchar(255) NOT NULL,
  `diaChi` varchar(255) NOT NULL
) ENGINE=InnoDB DEFAULT CHARSET=utf8 COLLATE=utf8_unicode_ci;

--
-- Dumping data for table `khachhang`
--

INSERT INTO `khachhang` (`khachHangId`, `taiKhoan`, `matKhau`, `hoTen`, `soDienThoai`, `diaChi`) VALUES
(1, 'namchuminh', '206dcce3f82cf8981d316e7900dc8e06', 'Chu Minh Nam', '0379962045', 'Thái Hòa, Ba Vì, Hà Nội'),
(2, 'phungthaison', '2b5165a145c7ef05581b14d876ceba3b', 'Phùng Thái Sơn', '0383637563', 'Thái Hòa, Ba Vì, Hà Nội'),
(3, 'hoangcongchat', '2b5165a145c7ef05581b14d876ceba3b', 'Hoàng Công Chất', '0383637563', 'Phú Sơn, Ba Vì, Hà Nội'),
(4, 'dangbinhhung', '2b5165a145c7ef05581b14d876ceba3b', 'Đặng Bình Hưng', '0383637563', 'Vật Lại, Ba Vì, Hà Nội'),
(5, 'nguyenhongminh', '206dcce3f82cf8981d316e7900dc8e06', 'Nguyễn Hồng Minh', '0689632658', 'Tây Đằng, Ba Vì, Hà Nội'),
(6, 'nguyenthichung', '206dcce3f82cf8981d316e7900dc8e06', 'Nguyễn Thị Chung', '0896232662', 'Vạn Thắng, Ba Vì, Hà Nội'),
(7, 'hoangduongtu', '206dcce3f82cf8981d316e7900dc8e06', 'Hoàng Dương Tú', '0986461264', 'Vạn Thắng, Ba Vì, Hà Nội'),
(8, 'hoangtienson', '206dcce3f82cf8981d316e7900dc8e06', 'hoangtienson', '0358962622', 'Vạn Thăng, Ba Vì, Hà Nội'),
(9, 'leanhngan', '206dcce3f82cf8981d316e7900dc8e06', 'Lê Ánh Ngân', '0899656326', 'Phú Châu, Ba Vì, Hà Nội'),
(10, 'nguyentrithanh', '206dcce3f82cf8981d316e7900dc8e06', 'Nguyễn Chí Thành', '0898989898', 'Thái Hòa, Ba Vì, Hà Nội');

-- --------------------------------------------------------

--
-- Table structure for table `lienhe`
--

CREATE TABLE `lienhe` (
  `lienHeId` int(11) NOT NULL,
  `hoTen` varchar(255) NOT NULL,
  `email` varchar(255) NOT NULL,
  `soDienThoai` varchar(11) NOT NULL,
  `tinNhan` text NOT NULL
) ENGINE=InnoDB DEFAULT CHARSET=utf8 COLLATE=utf8_unicode_ci;

--
-- Dumping data for table `lienhe`
--

INSERT INTO `lienhe` (`lienHeId`, `hoTen`, `email`, `soDienThoai`, `tinNhan`) VALUES
(1, 'Chu Minh Nam', 'namchuminh@gmail.com', '0888999888', 'Website tuyệt đẹp'),
(2, 'Chu Minh Nam', 'chuminhnamma@gmail.com', '036895325', '10 điểm lập trình web nâng cao'),
(3, 'Trần Ngốc Hà', 'tranngocha@gmail.com', '0388315968', 'Lập trình web 10 điểm');

-- --------------------------------------------------------

--
-- Table structure for table `nhanvien`
--

CREATE TABLE `nhanvien` (
  `nhanVienId` int(11) NOT NULL,
  `taiKhoan` varchar(255) NOT NULL,
  `matKhau` varchar(255) NOT NULL,
  `hoTen` varchar(255) NOT NULL,
  `chucVu` varchar(255) NOT NULL,
  `soDienThoai` varchar(255) NOT NULL,
  `email` varchar(255) NOT NULL,
  `facebook` varchar(255) NOT NULL,
  `avatar` varchar(255) NOT NULL
) ENGINE=InnoDB DEFAULT CHARSET=utf8 COLLATE=utf8_unicode_ci;

--
-- Dumping data for table `nhanvien`
--

INSERT INTO `nhanvien` (`nhanVienId`, `taiKhoan`, `matKhau`, `hoTen`, `chucVu`, `soDienThoai`, `email`, `facebook`, `avatar`) VALUES
(1, 'admin', '21232f297a57a5a743894a0e4a801fc3', 'Chu Minh Nam', 'admin', '0379962045', 'chuminhnamma@gmail.com', 'https://www.facebook.com/laptrinhtudau/', 'http://localhost/ThreeTech/uploads/avatar1.png'),
(7, 'nguyenvana', '20ca70c7c8f494c7bd1d54ad23d40cde', 'Nguyễn Văn A', 'nhanvien', '0366555999', 'nguyenvana@gmail.com', 'https://fb.com/nguyenvana', 'http://localhost/ThreeTech/static/img/avatarPerson.png'),
(13, 'nguyenvanb', '23280a0ad9238d00c62b0272af265c57', 'Nguyễn Văn B', 'nhanvien', '0555666777', 'nguyenvanb@gmail.com', 'https://fb.com/nguyenvanb', 'http://localhost/ThreeTech/static/img/avatarPerson.png'),
(14, 'nguyenvanc', 'e38935fe84686a8afe5756147b23c46a', 'Nguyễn Văn C', 'nhanvien', '0222333444', 'nguyenvanc@gmail.com', 'https://fb.com/nguyenvanc', 'http://localhost/ThreeTech/static/img/avatarPerson.png'),
(15, 'tranngocha', 'd41d8cd98f00b204e9800998ecf8427e', 'Trần Ngọc Hà', 'admin', '0388888888', 'tranngocha@gmail.com', 'https://fb.com/tranngocha', 'http://localhost/ThreeTech/static/img/avatarPerson.png'),
(16, 'nguyenvand', '76408318fe45073e54cb3acbf4307ac2', 'Nguyễn Văn D', 'nhanvien', '0222333444', 'nguyenvand@gmail.com', 'https://fb.com/nguyenvand', 'http://localhost/ThreeTech/static/img/avatarPerson.png'),
(17, 'nguyenvane', '9cf93a4bfd5cf7b7639b084e5d2350e8', 'Nguyễn Văn E', 'nhanvien', '0555555555', 'nguyenvane@gmail.com', 'https://fb.com/nguyenvane', 'http://localhost/ThreeTech/static/img/avatarPerson.png'),
(18, 'nguyenvanf', '5b9f24fd4810ca22cb1c38025a7c8c4b', 'Nguyễn Văn F', 'nhanvien', '0123456789', 'nguyenvanf@gmail.com', 'https://fb.com/nguyenvanf', 'http://localhost/ThreeTech/static/img/avatarPerson.png'),
(19, 'nguyenvang', '1243a9174185350a7643d0b55e15d4ea', 'Nguyễn Văn G', 'nhanvien', '045678910', 'nguyenvang@gmail.com', 'https://fb.com/nguyenvang', 'http://localhost/ThreeTech/static/img/avatarPerson.png'),
(21, 'phungthaison', '2100dc613d1994b224c42d1950b4dea6', 'Phùng Thái Sơn', 'admin', '025643562', 'phungthaison@gmail.com', 'https://fb.com/phungthaison', 'http://localhost/ThreeTech/static/img/avatarPerson.png');

-- --------------------------------------------------------

--
-- Table structure for table `sanpham`
--

CREATE TABLE `sanpham` (
  `sanPhamId` int(11) NOT NULL,
  `tenSanPham` varchar(255) NOT NULL,
  `giaGoc` decimal(19,3) NOT NULL,
  `giaBan` decimal(19,3) NOT NULL,
  `moTa` text NOT NULL,
  `duongDan` varchar(255) NOT NULL,
  `trangThai` int(11) NOT NULL DEFAULT 1,
  `soLuong` int(11) NOT NULL,
  `anhChinh` varchar(255) NOT NULL,
  `anhPhu1` varchar(255) NOT NULL,
  `anhPhu2` varchar(255) NOT NULL,
  `chuyenMucId` int(11) NOT NULL,
  `loaiSanPham` varchar(255) NOT NULL,
  `nhanVienId` int(11) NOT NULL,
  `ngayDang` datetime NOT NULL DEFAULT current_timestamp()
) ENGINE=InnoDB DEFAULT CHARSET=utf8 COLLATE=utf8_unicode_ci;

--
-- Dumping data for table `sanpham`
--

INSERT INTO `sanpham` (`sanPhamId`, `tenSanPham`, `giaGoc`, `giaBan`, `moTa`, `duongDan`, `trangThai`, `soLuong`, `anhChinh`, `anhPhu1`, `anhPhu2`, `chuyenMucId`, `loaiSanPham`, `nhanVienId`, `ngayDang`) VALUES
(2, 'PC GAMING HACOM 034 (I3 10105F/H510/8GB RAM/500GB SSD/GTX 1050TI/450W)', 13999.000, 10199.000, 'CPU: Intel Core i3 10105F\r\nMainboard: H510\r\nRAM: 8GB\r\nSSD: 500GB\r\nVGA: GTX 1050Ti\r\nPSU: 450W', 'pc-gaming-hacom-034', 1, 50, 'http://localhost/ThreeTech/uploads/007_46b946f81bcf45fa848e5c139ece1b56_large.png', 'http://localhost/ThreeTech/uploads/67745_pcgm566_27_01.jpg', 'http://localhost/ThreeTech/uploads/anh_chuan_7aaa3109477a4652a63f55ab4f4c2ac5_grande.jpg', 2, 'Uudai', 1, '2022-08-29 19:25:29'),
(3, 'Mainboard ASUS ROG MAXIMUS Z690 FORMULA (Intel Z690, Socket 1700, ATX, 4 khe RAM DDR5)', 21199.000, 16999.000, 'Chipset: Intel Z690\r\nSocket: LGA 1700\r\nSố khe RAM: 4 (DDR5)\r\nKích thước: ATX\r\nTích hợp sẵn Wifi & Bluetooth', 'mainboard-asus-rog-maximus', 1, 25, 'https://hanoicomputercdn.com/media/product/61219_mainboard_asus_rog_maximus_z690_formula_intel_z690_socket_1700_atx_4_khe_ram_ddr5_2.jpg', 'https://hanoicomputercdn.com/media/product/61219_mainboard_asus_rog_maximus_z690_formula_intel_z690_socket_1700_atx_4_khe_ram_ddr5_size.jpg', 'https://hanoicomputercdn.com/media/product/61219_mainboard_asus_rog_maximus_z690_formula_intel_z690_socket_1700_atx_4_khe_ram_ddr5_1.jpg', 3, 'Uudai', 1, '2022-08-29 19:25:29'),
(19, 'Laptop Lenovo IdeaPad Slim 5', 18790.000, 14890.000, '15.6 inch, 1920 x 1080 Pixels, IPS, 60 Hz, 300 nits, IPS LCD LED Backlit, True Tone\r\nIntel, Core i5, 1135G7\r\n8 GB, DDR4, 3200 MHz\r\nSSD 512 GB\r\nIntel Iris Xe Graphics', 'laptop-lenovo-ideapad-slim-5', 1, 32, 'http://localhost/ThreeTech/uploads/lenovo-ideapad-slim-5-15itl05-i5-82fg001pvn-144320-064322-600x600.jpg', 'http://localhost/ThreeTech/uploads/58429_idealpad5__3_.png', 'http://localhost/ThreeTech/uploads/bbfafef4382f9f0910230636f4712988.jpg', 1, 'Uudai', 1, '2022-08-29 22:15:18'),
(20, 'Ram Corsair Dominator Platinum 16GB (2x8GB) RGB 3200', 4000.000, 3000.000, '- Nhà sản xuất: CORSAIR\r\n- Loại RAM: DDR4\r\n- Dung lượng: 16GB \r\n- Số lượng: 2 thanh\r\n- Bus: 3200MHz\r\n- Tản nhiệt: Có\r\n- Màu: Đen\r\n- Bảo Hành: 36 Tháng', 'Ram-Corsair-Dominator-Platinum', 1, 50, 'http://localhost/ThreeTech/uploads/41347_cmt16gx4m2c3200c16w__3_.jpg', 'http://localhost/ThreeTech/uploads/7fbd358456182187c2fbb04861816da27.jpg', 'http://localhost/ThreeTech/uploads/7fbd358456182187c2fbb04861816da28.jpg', 3, 'Khonguudai', 1, '2022-08-29 22:31:04'),
(21, 'iMac', 34000.000, 31000.000, 'iMac 24 inch 2021 4.5K M1/256GB/8GB/7-core GPU (MGTF3SA/A)', 'iMac', 1, 51, 'http://localhost/ThreeTech/uploads/thumb-apple-imac-24-m1-2021-800x450.jpg', 'http://localhost/ThreeTech/uploads/vi-vn-imac-24-inch-45k-retina-m1-mgtf3saa-1.jpg', 'http://localhost/ThreeTech/uploads/vi-vn-imac-24-inch-45k-retina-m1-mgtf3saa-2.jpg', 2, 'Khonguudai', 1, '2022-08-31 17:13:37'),
(22, 'Surface Pro 8 Core i5 / 8GB / 128GB', 35990.000, 24990.000, 'Bộ xử lý: Intel® Core™ i5-1135G7 - Gen 11th\r\n- Ram: 8Gb\r\n- Ổ cứng: SSD 128Gb\r\n- Màn hình: 13 inch, Cảm ứng 10 điểm chạm\r\n- Hệ điều hành: Windows 11 Home\r\n- Thiết bị hỗ trợ: Pen Protocol (MPP), Slim Pen 2, Surface Pro Signature Keyboard, Surface Pro X Keyboard\"\r\n- Cổng kết nối: 2 x USB-C (USB 4.0 / Thunderbolt 4)\r\n1x Giắc cắm tai nghe 3,5 mm\r\n1 x Cổng kết nối bề mặt (kết nối phím)', 'surface-pro-8', 1, 50, 'http://localhost/ThreeTech/uploads/46084_surface_pro_8_platinum_ha1.jpg', 'http://localhost/ThreeTech/uploads/46084_surface_pro_8_platinum_ha2.jpg', 'http://localhost/ThreeTech/uploads/46084_surface_pro_8_platinum_ha3.jpg', 1, 'Uudai', 1, '2022-09-01 02:09:11'),
(23, 'Laptop Gigabyte Gaming G5 GD-51VN123SO', 18500.000, 17500.000, 'GD-51VN123SO i5 11400H/16GB/512GB/15.6\" FHD/GeForce RTX 3050 4GB/Win 11', 'laptop-gigabyte-gaming-g5-gd-51vn123so', 1, 2, 'http://localhost/ThreeTech/uploads/Screenshot_2022-09-06_1650041.png', 'http://localhost/ThreeTech/uploads/gigabyte-gaming-g5-i5-10500h-16gb-512gb-6gb-171121-034937-600x6001.jpg', 'http://localhost/ThreeTech/uploads/42072_laptop_gigabyte_g5_gd_51s1123so__4_1.jpg', 1, 'Khonguudai', 1, '2022-09-06 16:56:02'),
(24, 'PC Gaming CPS 010', 16000.000, 15000.000, 'PC Gaming CPS 010\r\nI5/8GB/120GB/500W/2060\r\nPC Gaming', 'pc-gaming-cps-010', 1, 10, 'http://localhost/ThreeTech/uploads/may-tinh-choi-game-i3-3220-4gb-gtx-730-2gb.jpg', 'http://localhost/ThreeTech/uploads/chon-cau-hinh-may-tinh-thiet-ke-do-hoa-1.png', 'http://localhost/ThreeTech/uploads/pcgaming.jpg', 2, 'Khonguudai', 1, '2022-09-06 17:32:09'),
(25, 'ASUS ROG Strix GeForce RTX 3080 Ti Gaming OC Edition 12GB', 40000.000, 38000.000, 'Hãng sản xuất: ASUS\r\nMã sản phẩm: ROG-STRIX-RTX3080TI-O12G-GAMING\r\nBảo hành: 36 Tháng', 'asus-rog-strix-geforce-rtx-3080-ti-gaming-oc-edition-12gb', 1, 50, 'http://localhost/ThreeTech/uploads/h525.png', 'http://localhost/ThreeTech/uploads/ezgif_com-gif-maker.jpg', 'http://localhost/ThreeTech/uploads/card-org-3080ti.jpg', 2, 'Khonguudai', 1, '2022-09-06 17:53:15'),
(26, 'Laptop Dell Latitude 3420 42LT342001', 15990.000, 11590.000, 'Bộ VXL: Core i3 1115G4 3.0Ghz up to 4.1Ghz-6Mb\r\n- Cạc đồ họa: Intel® UHD graphics\r\n- Bộ nhớ: 4Gb\r\n- Ổ cứng/ Ổ đĩa quang: M.2 256GB PCIe NVMe Class 35 SSD\r\n- Màn hình: 14.0Inch\r\n- Hệ điều hành: DOS\r\n- Màu sắc/ Chất liệu: Black', 'laptop-dell-latitude-3420-42lt342001', 1, 50, 'http://localhost/ThreeTech/uploads/43856_latitude_3420_ha4.jpg', 'http://localhost/ThreeTech/uploads/43856_latitude_3420_ha1.jpg', 'http://localhost/ThreeTech/uploads/43856_latitude_3420_ha5_(1).jpg', 1, 'Khonguudai', 1, '2022-09-09 14:20:32'),
(27, 'Asus Vivobook A415EA-EB1750W', 15390.000, 11790.000, 'Bộ VXL: Core i3 1125G4 2.0Ghz-8Mb\r\n- Cạc đồ họa: Intel® UHD Graphics\r\n- Bộ nhớ: 8Gb\r\n- Ổ cứng/ Ổ đĩa quang: 256GB SSD PCIe (M.2 2280)\r\n- Màn hình: 14.0Inch Full HD\r\n- Hệ điều hành: Windows 11 Home\r\n- Màu sắc/ Chất liệu: Silver', 'asus-vivobook-a415ea-eb1750w', 1, 50, 'http://localhost/ThreeTech/uploads/46461_vivobook_a415_silver_bh_ha4.jpg', 'http://localhost/ThreeTech/uploads/46461_vivobook_a415_silver_bh_ha3.jpg', 'http://localhost/ThreeTech/uploads/46461_vivobook_a415_silver_bh_ha6_(1).jpg', 1, 'Khonguudai', 1, '2022-09-09 14:23:20'),
(28, 'Laptop Acer Aspire A315-58-358E NX.ADDSV.00F', 12990.000, 11590.000, 'Bộ VXL: Core i3 1115G4 3.0Ghz up to 4.1Ghz-6Mb\r\n- Cạc đồ họa: Intel® UHD Graphics\r\n- Bộ nhớ: 8Gb\r\n- Ổ cứng/ Ổ đĩa quang: 512Gb SSD/ Không\r\n- Màn hình: 15.6Inch Full HD\r\n- Hệ điều hành: Windows 11 Home\r\n- Màu sắc/ Chất liệu: Silver', 'laptop-acer-aspire-a315-58-358e-nxaddsv00f', 1, 50, 'http://localhost/ThreeTech/uploads/48349_1y_laptop_acer_aspire_a315_58_silver_a1.gif', 'http://localhost/ThreeTech/uploads/48349_1y_laptop_acer_aspire_a315_58_silver_a2.gif', 'http://localhost/ThreeTech/uploads/48349_1y_laptop_acer_aspire_a315_58_silver_a3.gif', 1, 'Khonguudai', 1, '2022-09-09 14:26:37'),
(29, 'Laptop HP 15s-du1105TU 2Z6L3PA', 10990.000, 8990.000, '- Bộ VXL: Core i3 10110U 2.1Ghz-4Mb\r\n- Cạc đồ họa: Intel Graphics UHD\r\n- Bộ nhớ: 4Gb\r\n- Ổ cứng/ Ổ đĩa quang: 256GB SSD M.2 NVMe\r\n- Màn hình: 15.6Inch\r\n- Hệ điều hành: Windows 11 Home\r\n- Màu sắc/ Chất liệu: Silver', 'laptop-hp-15s-du1105tu-2z6l3pa', 1, 100, 'http://localhost/ThreeTech/uploads/45006_45006_lap_hp_15s_ha4.jpg', 'http://localhost/ThreeTech/uploads/45006_45006_lap_hp_15s_ha3.jpg', 'http://localhost/ThreeTech/uploads/45006_45006_lap_hp_15s_ha5.jpg', 1, 'Khonguudai', 1, '2022-09-09 14:28:35'),
(30, 'Laptop Dell Inspiron 3505 Ryzen 3 3250U/ 4Gb/ 128Gb SSD/ 15.6\" FHD /VGA ON/ Win10/White/NK', 13990.000, 8790.000, '- Bộ VXL: Ryzen 3 3250U 2.6Ghz up to 3.5GHz-4Mb\r\n- Cạc đồ họa: Integrated AMD Radeon Graphics\r\n- Bộ nhớ: 4Gb\r\n- Ổ cứng/ Ổ đĩa quang: 128Gb SSD\r\n- Màn hình: 15.6Inch Full HD\r\n- Hệ điều hành: Windows 10 Home\r\n- Màu sắc/ Chất liệu: White/ Backlit keyboard', 'laptop-dell-inspiron-3505-ryzen-3-3250u-4gb-128gb-ssd-156-fhd-vga-on-win10whitenk', 1, 60, 'http://localhost/ThreeTech/uploads/45228_inspiron_3505_white_ha2s.jpg', 'http://localhost/ThreeTech/uploads/45228_inspiron_3505_white_ha3s.jpg', 'http://localhost/ThreeTech/uploads/45228_inspiron_3505_white_ha1s.jpg', 1, 'Khonguudai', 1, '2022-09-09 14:29:59'),
(31, 'Máy tính để bàn PCPA Legion-I3/8G/240G/RX550', 9999.000, 9899.000, '- CPU: Intel Comet lake Core i3 10105F 3.7Ghz-6Mb Box\r\n- RAM/ SSD: 8GB/ SSD 240gb\r\n- VGA: Afox Radeon RX550 4GB', 'may-tinh-de-ban-pcpa-legion-i38g240grx550', 1, 30, 'http://localhost/ThreeTech/uploads/45589_legion.png', '', '', 2, 'Khonguudai', 1, '2022-09-09 14:33:07'),
(32, 'Máy tính để bàn Dell Optiplex 3090MT 42OT390007', 15990.000, 14390.000, '- CPU: Core i5 10505\r\n- RAM/ HDD: 8Gb (1x8Gb)/ 256GB SSD\r\n- VGA: VGA onboard, Intel Graphics\r\n- OS: Fedora', 'may-tinh-de-ban-dell-optiplex-3090mt-42ot390007', 1, 50, 'http://localhost/ThreeTech/uploads/Máy_tính_để_bàn_Dell_Optiplex_3090MT_42OT390007_-longbinh_com_vn.jpg', 'http://localhost/ThreeTech/uploads/Máy_tính_để_bàn_Dell_Optiplex_3090MT_42OT390007_-longbinh_com_vn1_hwcb-3g.jpg', '', 2, 'Khonguudai', 1, '2022-09-09 14:36:43'),
(33, 'CPU Intel Core i7-11700', 8499.000, 8350.000, 'Socket: FCLGA1200\r\nSố lõi/luồng: 8/16\r\nTần số cơ bản/turbo: 2.50/4.90 GHz\r\nBộ nhớ đệm: 16MB\r\nĐồ họa tích hợp: Intel® UHD Graphics 750\r\nBus ram hỗ trợ: DDR4-3200Mhz\r\nMức tiêu thụ điện: 65 W', 'cpu-intel-core-i7-11700', 1, 40, 'http://localhost/ThreeTech/uploads/42978_cpu_int_11700f_a.jpg', 'http://localhost/ThreeTech/uploads/cpuit0122031.png', 'http://localhost/ThreeTech/uploads/cpuit012201.png', 3, 'Khonguudai', 1, '2022-09-09 14:37:56'),
(34, 'Tai nghe Bluetooth Audio-Technica ATH-M50xBT', 5690.000, 4550.000, 'Sau sự thành công của mẫu tai nghe Audio-Technica ATH-M50x thì mới đây hãng tai nghe nổi tiếng đến từ Nhật lại tiếp tục tung ra bản cải tiến của chiếc tai nghe với khả năng nghe nhac không dây giúp bạn có những khoảng thời gian trải nghiệm tốt hơn và tiện dụng hơn. Audio-Technica ATH-M50xBT chắc chắn sẽ là một sự lựa chọn mà bạn không nên bỏ qua khi muốn trải nghiệm âm thanh không dây chất lượng cao. ', 'tai-nghe-bluetooth-audio-technica-ath-m50xbt', 1, 29, 'http://localhost/ThreeTech/uploads/2218_tai_nghe_bluetooth_choang_dau_audio_technica_ath_m50xbt_1.jpg', 'http://localhost/ThreeTech/uploads/2218_tai_nghe_bluetooth_choang_dau_audio_technica_ath_m50xbt_3.jpg', 'http://localhost/ThreeTech/uploads/2218_tai_nghe_bluetooth_choang_dau_audio_technica_ath_m50xbt_2.jpg', 3, 'Giamgiacuoituan', 1, '2022-11-27 03:06:31'),
(35, 'Pin sạc dự phòng Polymer 20.000 mAh Type C PD QC3.0 Xmobile PowerBox P69D', 1000.000, 690.000, 'Đặc điểm nổi bật\r\nKiểu dáng đơn giản, vỏ ngoài phủ Fabric chống bám vân tay.\r\nNạp pin an toàn, nhanh chóng với cổng Type C Power Delivery và 2 cổng USB Quick Charge 3.0.\r\nCùng lúc sạc được 3 thiết bị.\r\nSạc lại qua 2 cổng vào Micro USB và Type C.\r\nLõi pin Polymer bền bỉ, hạn chế chai pin.\r\nDung lượng lớn 20.000 mAh, cấp đủ năng lượng cho nhiều thiết bị.', 'pin-sac-du-phong-polymer-20000-mah-type-c-pd-qc30-xmobile-powerbox-p69d', 1, 25, 'http://localhost/ThreeTech/uploads/sac-du-phong-polymer-20000mah-type-c-xmobile-p69d-2.jpeg', 'http://localhost/ThreeTech/uploads/sac-du-phong-polymer-20000mah-type-c-xmobile-p69d-1.jpeg', 'http://localhost/ThreeTech/uploads/sac-du-phong-polymer-20000mah-type-c-xmobile-p69d-4.jpeg', 3, 'Giamgiacuoituan', 1, '2022-11-27 03:09:34'),
(36, 'Loa Bluetooth Mozard E8 Xanh Navy ', 1250.000, 950.000, 'Kiểu dáng trẻ trung, màu sắc nổi bật\r\nLoa Bluetooth Mozard E8 có thiết kế trẻ trung, màu sắc nổi bật, loa có 2 màu sắc là đỏ và xanh Navy cho bạn dễ dàng lựa chọn theo sở thích. Loa có kích thước nhỏ gọn bạn có thể dễ dàng bỏ vào túi xách mang theo khi đi du lịch, dã ngoại.\r\nCông nghệ Bluetooth 5.0 kết nối ổn định trong khoảng cách 10 m\r\nKết nối không dây Bluetooth 5.0 tương thích với các thiết bị chạy hệ điều hành Android, Windows, iOS (iPhone) cho việc kết nối thiết bị thêm dễ dàng và tiện lợi.', 'loa-bluetooth-mozard-e8-xanh-navy', 1, 15, 'http://localhost/ThreeTech/uploads/loa-bluetooth-mozard-1.jpeg', 'http://localhost/ThreeTech/uploads/loa-bluetooth-mozard3.jpeg', 'http://localhost/ThreeTech/uploads/loa-bluetooth-mvy-2.jpeg', 3, 'Giamgiacuoituan', 1, '2022-11-27 03:11:29'),
(37, 'Laptop Acer TravelMate B3 TMB311-31-C2HB CEL-N4020 NX.VNFSV.006', 8500.000, 3990.000, 'Màn hình 11.6 inch, HD mang đến hình ảnh rõ nét, sống động\r\nHiệu năng ổn định giúp xử lý tốt các tác vụ cơ bản hàng ngày\r\nRAM 4GB DDR4 giúp laptop đa nhiệm ổn đinh, hạn chế giật lag\r\nỔ cứng SSD giúp khởi động máy, mở ứng dụng nhanh hơn\r\nLaptop gọn nhẹ khoảng 1.4 kg, dễ dàng mang theo sử dụng', 'laptop-acer-travelmate-b3-tmb311-31-c2hb-cel-n4020-nxvnfsv006', 1, 90, 'http://localhost/ThreeTech/uploads/10051032-laptop-acer-travelmate-b3-tmb311-31-c2hb-nxvnfsv006-1.jpg', 'http://localhost/ThreeTech/uploads/10051032-laptop-acer-travelmate-b3-tmb311-31-c2hb-nxvnfsv006-2.jpg', 'http://localhost/ThreeTech/uploads/10051032-laptop-acer-travelmate-b3-tmb311-31-c2hb-nxvnfsv006-3.jpg', 1, 'Phobien', 1, '2022-11-28 14:06:00'),
(38, 'Laptop Asus Vivobook A415EA i3-1125G4/8GB/256GB/Win11 (EB1750W)', 13590.000, 11590.000, 'Màn hình 14\'\' FHD IPS cho trải nghiệm hình ảnh rõ nét, chân thực\r\nBộ vi xử lý Intel Core i3-1125G4 cử lý tốt tác vụ học tập, văn phòng\r\nRAM 8GB DDR4 giúp laptop chạy đa nhiệm mượt mà, ổn định\r\nỔ cứng SSD 256GB giúp khởi động máy nhanh, lưu trữ đủ dùng\r\nLaptop có thiết kế gọn nhẹ 1.4 kg, dễ dàng mang theo sử dụng', 'laptop-asus-vivobook-a415ea-i3-1125g48gb256gbwin11-eb1750w', 1, 53, 'http://localhost/ThreeTech/uploads/10051316-laptop-asus-vivobook-a415ea-eb1750w-1.jpg', 'http://localhost/ThreeTech/uploads/10051316-laptop-asus-vivobook-a415ea-eb1750w-2.jpg', 'http://localhost/ThreeTech/uploads/10051316-laptop-asus-vivobook-a415ea-eb1750w-3.jpg', 1, 'Phobien', 1, '2022-11-28 14:25:59'),
(39, 'Máy tính để bàn HP 205 Pro G4 AIO R5-4500U/8GB/256GB/Win10 31Y21PA', 18590.000, 16590.000, 'Thiết kế tinh tế, kiểu dáng hiện đại với chân đế chữ X chắc chắn\r\nTích hợp đủ hệ thống phần mềm, camera,... mà không cần CPU\r\nBộ vi xử lý R5-4500U cho hiệu năng mạnh mẽ, xử lý tốt mọi tác vụ\r\nRAM 8GB đa nhiệm có thể mở 4-5 ứng dụng mà không bị giật, lag\r\nỔ cứng 256GB mang đến không gian lưu trữ vừa đủ, mở máy nhanh\r\nMàn hình Full HD có kích thước 23.8inch hiển thị hình ảnh sắc nét\r\nMáy được trang bị Webcam 5MP nâng cao chất lượng cuộc đàm thoại', 'may-tinh-de-ban-hp-205-pro-g4-aio-r5-4500u8gb256gbwin10-31y21pa', 1, 96, 'http://localhost/ThreeTech/uploads/10053665-may-tinh-de-ban-hp-205-pro-g4-aio-r5-4500u-31y21pa-1.jpg', 'http://localhost/ThreeTech/uploads/10053665-may-tinh-de-ban-hp-205-pro-g4-aio-r5-4500u-31y21pa-2.jpg', 'http://localhost/ThreeTech/uploads/10053665-may-tinh-de-ban-hp-205-pro-g4-aio-r5-4500u-31y21pa-3.jpg', 2, 'Phobien', 1, '2022-11-28 14:27:37'),
(40, 'Màn hình máy tính Samsung 24 inch LS24AM506NEXXV', 6990.000, 4990.000, 'Màn hình thiết kế tinh tế mỏng nhẹ, thông minh không cần kết nối với máy tính\r\nKích thước 24 inch độ phân giải 1920x1080 hiển thị nội dung rõ ràng, sắc nét\r\nTính năng Ultra Game View điều chỉnh tỷ lệ màn hình 21:9 mở rộng tầm nhìn\r\nCông nghệ Adaptive Picture tự động điều chỉnh ánh sáng giúp mắt nhìn rõ hơn\r\nKết nối không dây DeX, cho phép kết nối điện thoại với màn hình nhanh chóng\r\nTruy cập vào Netflix, YouTube, HBO mà không cần bật laptop hay máy tính để bàn', 'man-hinh-may-tinh-samsung-24-inch-ls24am506nexxv', 1, 48, 'http://localhost/ThreeTech/uploads/10052570-man-hinh-may-tinh-samsung-24-inch-ls24am506nexxv-1.jpg', 'http://localhost/ThreeTech/uploads/10052570-man-hinh-may-tinh-samsung-24-inch-ls24am506nexxv-2.jpg', 'http://localhost/ThreeTech/uploads/10052570-man-hinh-may-tinh-samsung-24-inch-ls24am506nexxv-3.jpg', 2, 'Phobien', 1, '2022-11-28 14:29:02'),
(41, 'KIT STM32F407VET6 Cortex-M4', 729.000, 569.000, 'Kích thước: 60x55mm\r\nĐiện áp sử dụng: 5VDC\r\n4 lỗ để định vị board cố định\r\nKhoảng cách lỗ: 57x50mm\r\nTích hợp cổng để kết nối cap\r\n', 'kit-stm32f407vet6-cortex-m4', 1, 50, 'http://localhost/ThreeTech/uploads/9749650278c5a3b2b24be3cbb82d10ea.jpg', 'http://localhost/ThreeTech/uploads/a5b82dfae9cfae4deeaedcccb9df8a42.jpg', 'http://localhost/ThreeTech/uploads/d02c339077522bbb10d17a9ae6e2c40f.jpg', 3, 'Phobien', 1, '2022-11-28 14:33:05'),
(42, 'VGA ASUS TUF Gaming GeForce RTX 3060 Ti OC V2 8GB GDDR6', 15989.000, 10989.000, 'Dung lượng bộ nhớ: 8GB GDDR6\r\nBoost Clock: 1785 MHz\r\nBăng thông: 256-bit\r\nKết nối: Yes x 2 (Native HDMI 2.1), Yes x 3 (Native DisplayPort 1.4a)', 'vga-asus-tuf-gaming-geforce-rtx-3060-ti-oc-v2-8gb-gddr6', 1, 59, 'http://localhost/ThreeTech/uploads/250-1217-tuf-rtx3060-o12g-gaming-01.jpg', 'http://localhost/ThreeTech/uploads/35614_tuf_rtx3060ti_8g_gaming_05.jpg', 'http://localhost/ThreeTech/uploads/dlcdnwebimgs_asus.png', 3, 'Phobien', 1, '2022-11-28 14:36:26'),
(43, 'RAM Laptop Kingston 1.2V 8GB 3200MHz KVR32S22S8/8', 1230.000, 630.000, 'Thanh RAM Kingston Sodimm 1.2V 8GB 3200MHz là sản phẩm của tập đoàn Kingston Technology đến từ Mỹ. Đây là tập đoàn được thành lập từ năm 1987 là thương hiệu sản xuất bộ nhớ hàng đầu thế giới, chiếm hơn 50% thị phần và là thương hiệu được yêu thích và tin dùng tại Châu Á – Thái Bình Dương.', 'ram-laptop-kingston-12v-8gb-3200mhz-kvr32s22s88', 1, 50, 'http://localhost/ThreeTech/uploads/kvr-ddr4-2666-8gb-02-b79f3ec1-97c0-4910-b3fa-7575f5032650-ccba3b01-16f5-4e2b-bf5b-9d4c2f738b4d.jpg', 'http://localhost/ThreeTech/uploads/5_1_l_i.png', 'http://localhost/ThreeTech/uploads/708c7424ae7bcce2b2bf198a9114a60e.jpg', 3, 'Phobien', 1, '2022-11-28 14:38:28'),
(44, 'Laptop Lenovo IdeaPad 5 14ITL05 i7-1165G7 14 inch 82FE00JLVN', 22990.000, 16990.000, 'Lenovo Ideapad 5 14ITL05 có trọng lượng nhẹ 1.4 kg, dễ mang theo sử dụng\r\nBộ vi xử lý i7-1165G7, 8GB RAM cho hiệu năng mạnh mẽ, đa nhiệm mượt mà\r\nỔ cứng SSD 512GB cho tốc độ phản hồi, khởi động máy, mở ứng dụng nhanh\r\nMàn hình Full HD Anti-glare 14\'\' hiển thị hình ảnh sắc nét, màu sắc chân thực\r\nTận hưởng âm thanh sống động nhờ công nghệ Realtek High Definition Audio', 'laptop-lenovo-ideapad-5-14itl05-i7-1165g7-14-inch-82fe00jlvn', 1, 50, 'http://localhost/ThreeTech/uploads/10049091-laptop-lenovo-ideapad-5-14itl05_i7-1165g7-14-inch-82fe00jlvn-1.jpg', 'http://localhost/ThreeTech/uploads/10049091-laptop-lenovo-ideapad-5-14itl05_i7-1165g7-14-inch-82fe00jlvn-2.jpg', 'http://localhost/ThreeTech/uploads/10049091-laptop-lenovo-ideapad-5-14itl05_i7-1165g7-14-inch-82fe00jlvn-3.jpg', 1, 'Totnhat', 1, '2022-11-28 14:52:35'),
(45, 'Laptop Asus TUF Gaming F15 FX506HC i5-11400H/8GB/512GB/Win11 HN144W', 25990.000, 20990.000, 'Thiết kế mạnh mẽ, phong cách Gaming với vỏ bọc từ nhựa màu đen huyền bí\r\nVi xử lý Intel Core i5 11400H Gen 11 sức mạnh khủng chạy tốt mọi tựa game\r\nỔ cứng SSD 512GB khởi động máy nhanh chóng, lưu trữ được nhiều dữ liệu hơn\r\nVới Card rời NVIDIA GeForce RTX 3050 đồ họa mượt mà, sắc nét đến từng chi tiết\r\nMàn hình 144Hz viền mỏng hiển thị hình ảnh chân thật mà không giật lag hay xé hình\r\nCông nghệ DTS:X Ultra Audio cho trải nghiệm âm thanh lớn, trung thực và sống động\r\nTrang bị bàn phím chuyển màu RGB độc đáo nâng cao trải nghiệm của người sử dụng', 'laptop-asus-tuf-gaming-f15-fx506hc-i5-11400h8gb512gbwin11-hn144w', 1, 100, 'http://localhost/ThreeTech/uploads/10052586-laptop-asus-tuf-gaming-f15-fx506hc-hn144w-1.jpg', 'http://localhost/ThreeTech/uploads/10052586-laptop-asus-tuf-gaming-f15-fx506hc-hn144w-2.jpg', 'http://localhost/ThreeTech/uploads/10052586-laptop-asus-tuf-gaming-f15-fx506hc-hn144w-3.jpg', 1, 'Totnhat', 1, '2022-11-28 14:53:54'),
(46, 'iMac 24 inch 4.5K Retina M1/8GB/512GB MGPD3SA/A', 44990.000, 39990.000, 'Thiết kế tinh tế, sang trọng với chân đế kim loại nguyên khối\r\nCon Chip M1 có hiệu năng mạnh mẽ, xử lý mượt mà các tác vụ\r\nMàn hình 24inch 4.5K Retina hiển thị hình ảnh sắc nét, chân thật\r\nRAM 8GB đa nhiệm có thể làm việc với nhiều Tab cùng một lúc\r\nỔ cứng 512GB truy xuất dữ liệu nhanh, tăng tốc khởi động máy \r\nTrang bị các cổng kết nối hàng đầu giúp kết nối, truyền dữ liệu nhanh ', 'imac-24-inch-45k-retina-m18gb512gb-mgpd3saa', 1, 100, 'http://localhost/ThreeTech/uploads/10053168-imac-24-inch-m1-8gb-512gb-mgpd3sa-a-1.jpg', 'http://localhost/ThreeTech/uploads/10053168-imac-24-inch-m1-8gb-512gb-mgpd3sa-a-2.jpg', 'http://localhost/ThreeTech/uploads/10053168-imac-24-inch-m1-8gb-512gb-mgpd3sa-a-3.jpg', 2, 'Totnhat', 1, '2022-11-28 14:55:45'),
(47, 'PC HP AIO 22-df1042d i5-1135G7/8GB/256GB/Win11', 20590.000, 20590.000, 'Màn hình 21.5”, Full HD, cảm ứng, tái hiện nội dung sắc nét, thao tác dễ dàng\r\nVi xử lý Intel Core i5-1135G7 cho hiệu năng vượt trội với 4 nhân, 8 luồng\r\nRAM 8GB DDR4 giúp máy thực hiện đa nhiệm ổn định, hạn chế giật lag\r\nDung lượng ổ cứng SSD 256GB khởi động máy nhanh, lưu trữ dữ liệu tốt\r\nHệ điều hành Windows 11 Home mang đến trải nghiệm giao diện đẹp mắt\r\nDiện mạo sang trọng, thanh thoát với màu trắng và thiết kế viền mỏng tinh tế', 'pc-hp-aio-22-df1042d-i5-1135g78gb256gbwin11', 1, 50, 'http://localhost/ThreeTech/uploads/10051473-man-hinh-cam-ung.jpg', 'http://localhost/ThreeTech/uploads/10051473-pc-hp-aio-22-df1042d-i5-1135g7-8gb-256gb-win11-601l8pa-2.jpg', 'http://localhost/ThreeTech/uploads/10051473-pc-hp-aio-22-df1042d-i5-1135g7-8gb-256gb-win11-601l8pa-3.jpg', 2, 'Totnhat', 1, '2022-11-28 14:56:53'),
(48, 'PC HP Slim Desktop Bundle i3-10105/4 GB/256 GB/Win11', 10490.000, 9490.000, 'CPU Intel Core i3-1010 thế hệ 10 xử lý tốt tác vụ đồ họa, văn phòng\r\nBộ nhớ trong 256GB chuẩn SSD cung cấp không gian lưu trữ vừa đủ\r\nTiện lợi hơn khi được trang bị đầy đủ các cổng kết nối cho các thiết bị ngoại\r\nKiểu dáng đẹp, thiết kế mỏng tinh tế có thể đặt vừa vặn ở mọi không gian', 'pc-hp-slim-desktop-bundle-i3-101054-gb256-gbwin11', 1, 99, 'http://localhost/ThreeTech/uploads/10052121-pc-hp-slim-desktop-bundle-i3-10105-629t8pa-1.jpg', 'http://localhost/ThreeTech/uploads/10052121-pc-hp-slim-desktop-bundle-i3-10105-629t8pa-2.jpg', 'http://localhost/ThreeTech/uploads/10052121-pc-hp-slim-desktop-bundle-i3-10105-629t8pa-3.jpg', 2, 'Phobien', 1, '2022-11-28 14:59:09'),
(49, 'Ổ cứng di động WD My Passport Ultra 1TB WDBC3C0010BSL-WESN', 2890.000, 1890.000, 'Dung lượng 1TB thoải mái lưu trữ dữ liệu cần thiết\r\nKích thước nhỏ gọn, dễ sử dụng, mang tính di động cao\r\nKết nối USB 3.0, USB Type C, truyền tải dữ liệu nhanh chóng\r\nĐèn LED hiển thị tình trạng kết nối của ổ cứng và thiết bị\r\nCông nghệ mã hóa dữ liệu 256 bit AES bảo đảm bảo mật dữ liệu', 'o-cung-di-dong-wd-my-passport-ultra-1tb-wdbc3c0010bsl-wesn', 1, 50, 'http://localhost/ThreeTech/uploads/10041547-o-cung-wd-my-passport-ultra-wdbc3c0010bsl-wesn-1tb-bac-1.jpg', 'http://localhost/ThreeTech/uploads/10041547-o-cung-wd-my-passport-ultra-wdbc3c0010bsl-wesn-1tb-bac-2.jpg', 'http://localhost/ThreeTech/uploads/10041547-o-cung-wd-my-passport-ultra-wdbc3c0010bsl-wesn-1tb-bac-3.jpg', 3, 'Totnhat', 1, '2022-11-28 15:04:00'),
(50, 'Mainboard ASUS ROG STRIX X670E-I GAMING WIFI', 15499.000, 13499.000, 'ROG Strix X670E-I Gaming WiFi được trang bị công nghệ mới nhất vào diện tích mini-ITX nhỏ bé và sau đó phân nhánh với ROG Hive để đặt các điều khiển quan trọng và I / O trong tầm tay bạn. Ở bo mạch chủ, các khe cắm PCIe 5.0 dành cho đồ họa và lưu trữ cùng với DDR5 kênh đôi để mang lại băng thông quy mô lớn cho các trò chơi và khối lượng công việc đòi hỏi nhiều CPU. Khả năng cung cấp điện năng nặng và các bộ tản nhiệt xếp chồng lên nhau theo chiều dọc sẽ nghiền nát các tấm tản nhiệt và tạo nền tảng vững chắc cho các công cụ ép xung ROG độc quyền để đẩy giới hạn hiệu suất. Với tất cả những điều này và hơn thế nữa, titan nhỏ bé này tạo nên một bản dựng AM5 tiết kiệm không gian cho phép bạn thoải mái lưu trữ các màn hình lớn hơn và một loạt các thiết bị ngoại vi chơi game ROG trên máy tính để bàn của bạn.', 'mainboard-asus-rog-strix-x670e-i-gaming-wifi', 1, 50, 'http://localhost/ThreeTech/uploads/67970_mainboard_asus_rog_strix_x670e_i_gaming_wifi__2_.jpg', 'http://localhost/ThreeTech/uploads/67970_mainboard_asus_rog_strix_x670e_i_gaming_wifi__3_.jpg', 'http://localhost/ThreeTech/uploads/67970_mainboard_asus_rog_strix_x670e_i_gaming_wifi__4_.jpg', 3, 'Totnhat', 1, '2022-11-28 15:06:15'),
(51, 'Ram Desktop Kingston Fury Beast', 2439.000, 1439.000, 'Dòng RAM DDR4 phổ thông với hiệu năng cao\r\nDung lượng: 16GB\r\nSố lượng: 1 thanh (1x16GB)\r\nBus: 3200 Mhz', 'ram-desktop-kingston-fury-beast', 1, 50, 'http://localhost/ThreeTech/uploads/60334_ram_desktop_kingston_fury_kf432c16bb1_16_16gb_1x16gb_ddr4_3200mhz.jpg', 'http://localhost/ThreeTech/uploads/60334_ram_desktop_kingston_fury_kf432c16bb1_16_16gb_1x16gb_ddr4_3200mhz_11.jpg', 'http://localhost/ThreeTech/uploads/60334_ram_desktop_kingston_fury_kf432c16bb1_16_16gb_1x16gb_ddr4_3200mhz_size.jpg', 3, 'Uudai', 1, '2022-11-28 15:07:33'),
(52, 'Ổ cứng SSD Kingston A400 120GB 2.5 inch SATA3', 639.000, 539.000, 'Dung lượng: 120GB\r\nKích thước: 2.5\"\r\nKết nối: SATA 3\r\nTốc độ đọc / ghi (tối đa): 500MB/s / 320MB/s', 'o-cung-ssd-kingston-a400-120gb-25-inch-sata3', 1, 50, 'http://localhost/ThreeTech/uploads/38001_____c___ng_ssd_kingston_a400_120gb_2_5_inch_sata3.jpg', 'http://localhost/ThreeTech/uploads/38001_ssd_kingston_ssd_now_a400_120gb_sata3_25_doc_500mbs_ghi_320mbs_sa400s37120g_size.jpg', 'http://localhost/ThreeTech/uploads/38001_z1973698218814_042549a424754253cb66de4c084f45d7.jpg', 3, 'Uudai', 1, '2022-11-28 15:11:50'),
(53, 'Ổ cứng SSD WD SA510 Blue 1TB SATA 2.5 inch', 3799.000, 2799.000, 'Dung lượng: 1TB\r\nGiao tiếp: SATA III 6 Gb/s\r\nTốc độ: Đọc: 560MB/s/ Ghi: 520MB/s', 'o-cung-ssd-wd-sa510-blue-1tb-sata-25-inch', 1, 50, 'http://localhost/ThreeTech/uploads/67462_o_cung_ssd_wd_sa510_blue_1tb_sata_2__3_.jpg', 'http://localhost/ThreeTech/uploads/67462_o_cung_ssd_wd_sa510_blue_1tb_sata_2__1_.jpg', 'http://localhost/ThreeTech/uploads/67462_o_cung_ssd_wd_sa510_blue_1tb_sata_2__2_.jpg', 3, 'Uudai', 1, '2022-11-28 15:13:04'),
(54, 'Server Dell PowerEdge T150', 35999.000, 31999.000, 'CPU: Intel Xeon E-2324G\r\nRAM: 8GB\r\nHDD: 2TB\r\nDVD: Có\r\nNguồn: 300W', 'server-dell-poweredge-t150', 1, 50, 'http://localhost/ThreeTech/uploads/63701_dell_t150.jpg', 'http://localhost/ThreeTech/uploads/63701_server_dell_poweredge_t150_3.jpg', 'http://localhost/ThreeTech/uploads/63701_server_dell_poweredge_t150_4.jpg', 2, 'Uudai', 1, '2022-11-28 15:14:27'),
(55, 'Laptop Dell Vostro 5620 (70282719)', 26499.000, 23499.000, 'CPU: Intel® Core™ i5-1240P (3.30 GHz up to 4.20 GHz, 12MB)\r\nRAM: 16GB (2x8GB) DDR4 3200MHz\r\nỔ cứng: 512GB M.2 PCIe NVMe SSD\r\nVGA: Intel® Iris® Xe Graphics\r\nMàn hình: 16.0-inch 16:10 FHD+ (1920 x 1200) Anti-Glare Non-Touch 250nits\r\nMàu sắc: Xám\r\nOS: Win 11 Home', 'laptop-dell-vostro-5620-70282719', 1, 50, 'http://localhost/ThreeTech/uploads/66383_hacom_dell_vostro_5620_6.png', 'http://localhost/ThreeTech/uploads/66383_hacom_dell_vostro_5620_4.png', 'http://localhost/ThreeTech/uploads/66383_hacom_dell_vostro_5620_5.png', 1, 'Totnhat', 1, '2022-11-28 15:16:12'),
(57, 'Laptop Dell Inspiron T7420 2 in 1 (N4I5021W)', 24999.000, 22999.000, 'CPU: Intel® Core™ i5-1235U ( up to 4.40 GHz, 12 MB)\r\nRAM: 8GB LPDDR4 3200Mhz onboard\r\nỔ cứng: 512GB SSD NVMe\r\nVGA: Integrated Intel® Iris® XE Graphics\r\nMàn hình: 14 inch FHD (1920 x 1200) Truelife - cảm ứng\r\nMàu sắc: Bạc\r\nOS: Windows 11 Home SL + Microsoft Office Home and Studen 2021', 'laptop-dell-inspiron-t7420-2-in-1-n4i5021w', 1, 50, 'http://localhost/ThreeTech/uploads/67022_laptop_dell_inspiron_t7420_41.png', 'http://localhost/ThreeTech/uploads/67022_laptop_dell_inspiron_t7420_31.png', 'http://localhost/ThreeTech/uploads/67022_laptop_dell_inspiron_t7420_21.png', 1, 'Totnhat', 1, '2022-11-28 15:18:40'),
(59, 'CyberPower PC Brings Intel’s Superb Skylake CPUs To Luxe Series Gaming PCs', 32000.000, 31000.000, 'Hệ thống: Intel Core i5-10400 6 nhân 2.9GHz, Chipset Intel B460, DDR4 8GB, SSD PCI-E NVMe 1TB và Windows 10 Home 64-bit chính hãng\r\nĐồ họa: Card màn hình NVIDIA GeForce GTX 1660 Super 6GB, 1x HDMI & 1x DisplayPort\r\nKết nối: 6 x USB 3.1, 2 x USB 2.0, 1x Mạng RJ-45 Ethernet 10/100/1000, Wi-Fi 802.11AC. Âm thanh: 7.1 Kênh. Bàn phím và chuột\r\nTính năng đặc biệt: Mặt bên bằng kính cường lực. Chiếu sáng vỏ RGB, chuột chơi game 7 màu RGB\r\n1 năm bộ phận & lao động. Hỗ trợ kỹ thuật miễn phí trọn đời', 'cyberpower-pc-brings-intels-superb-skylake-cpus-to-luxe-series-gaming-pcs', 1, 50, 'http://localhost/ThreeTech/uploads/imgbin_gaming-computer-desktop-computers-personal-computer-video-game-png.png', 'http://localhost/ThreeTech/uploads/71DMH6pTSpL__AC_SL1500_.jpg', 'http://localhost/ThreeTech/uploads/71jUBdCF37L__AC_SL1500_.jpg', 2, 'Slide', 1, '2022-11-28 15:35:48'),
(60, 'Apple MacBook Air 13 inch 128GB MQD32', 21000.000, 20000.000, 'Thiết kế mỏng, sang trọng trên Apple MacBook Air 13 inch 128GB MQD32\r\nGiống với những phiên bản MacBook khác của Apple, Apple MacBook Air 13 inch 128GB MQD32 sở hữu thiết kế kim loại nhôm nguyên khối sang trọng với tổng kích thước 32.5 x 22.7 x 1.7 cm và trọng lượng 1.35kg. Thiết kế nhôm nguyên khối màu bạc với các cạnh bo tròn và dát mỏng tạo nên tổng thể chiếc máy một thiết kế tuyệt mỹ, sang trọng và gọn gàng.', 'apple-macbook-air-13-inch-128gb-mqd32', 1, 50, 'http://localhost/ThreeTech/uploads/banner_2_product1.png', 'http://localhost/ThreeTech/uploads/macbook-air-mqd32-1_31.jpg', 'http://localhost/ThreeTech/uploads/macbook-air-mqd32-2_31.jpg', 1, 'Slide', 1, '2022-11-28 15:37:34'),
(61, 'Gigabyte Nvidia GeForce GTX 960 Graphic Card GVN960G1GAMING4GD', 5000.000, 4600.000, 'Được cung cấp bởi GPU NVIDIA GeForce GTX 950\r\nHệ thống làm mát WINDFORCE 2X Được\r\ntích hợp với bộ nhớ 2GB GDDR5 128-bit\r\nĐược xây dựng với 6+1 pha điện\r\nÉp xung siêu tốc bằng một cú nhấp chuột (OC GURU)\r\nCore\r\nBoost: 1355MHz/ Base: 1165MHz ở Chế độ\r\nép xung Boost: 1329MHz/ Base: 1140MHz ở Chế độ chơi game', 'gigabyte-nvidia-geforce-gtx-960-graphic-card-gvn960g1gaming4gd', 1, 50, 'http://localhost/ThreeTech/uploads/imgbin_graphics-cards-amp-video-adapters-evga-geforce-gtx-960-supersc-acx-2-0-graphics-card-png.png', 'http://localhost/ThreeTech/uploads/imgbin_graphics-cards-amp-video-adapters-evga-geforce-gtx-960-supersc-acx-2-0-graphics-card-png1.png', 'http://localhost/ThreeTech/uploads/imgbin_graphics-cards-amp-video-adapters-evga-geforce-gtx-960-supersc-acx-2-0-graphics-card-png2.png', 3, 'Slide', 1, '2022-11-28 15:40:22'),
(62, 'Bang & Olufsen Beoplay H9i', 16800.000, 15800.000, 'ÂM THANH\r\nTính thường xuyên\r\n20 – 22.000 Hz\r\n\r\nCái mic cờ rô\r\n2 MEMS Mic thoại kỹ thuật số 4 Micrô điện tử chuyên dụng cho chức năng ANC (2 Micrô điện tử trong mỗi chụp tai)\r\n\r\nKhử tiếng ồn chủ động\r\nCó công nghệ Khử tiếng ồn chủ động (ANC) kết hợp. Hai micrô, một micrô được đặt ở bên ngoài đệm tai và một micrô được đặt ở bên trong, ngay phía trước loa, giúp đảo ngược tiếng ồn xung quanh – loại bỏ hiệu quả các yếu tố không mong muốn.\r\n\r\nDiễn giả\r\nTrình điều khiển điện động, đường kính 40 mm\r\n\r\ntrở kháng\r\n24 Ôm +/- 15%', 'bang-olufsen-beoplay-h9i', 1, 50, 'http://localhost/ThreeTech/uploads/deals.png', 'http://localhost/ThreeTech/uploads/best_3.png', 'http://localhost/ThreeTech/uploads/review_3.jpg', 3, 'Noibatmoi', 1, '2022-11-28 16:13:00'),
(63, 'Canon Ixus 185', 32000.000, 29000.000, 'Phạm vi thu phóng quang:   28 - 224 mm = 8x\r\nKích thước cảm biến hiệu dụng:   8 mm (1/2,3 inch)\r\nCanon Ixus 185 là một chiếc máy ảnh nhỏ gọn đơn giản với các chức năng bình thường: không có gì đặc biệt. Kích thước bỏ túi này dễ dàng cầm bằng một tay. Các nút được đặt tốt và có kích thước tốt. Máy ảnh trông giống như nhựa. Micrô ở một nơi khó xử; bên cạnh cần zoom. Mẫu này tương thích với Eye-Fi và có 3 màu.', 'canon-ixus-185', 1, 50, 'http://localhost/ThreeTech/uploads/new_10.jpg', 'http://localhost/ThreeTech/uploads/ixus-185_b10.png', 'http://localhost/ThreeTech/uploads/ixus-185_b9.png', 3, 'Audiovideo', 1, '2022-11-28 16:36:13'),
(64, 'Loa SPK-103', 1200.000, 900.000, 'ÂM NHẠC Ở KHẮP MỌI NƠI\r\nPhù hợp với bất kỳ túi nào - thưởng thức âm nhạc của bạn khi đang di chuyển\r\nNghe hàng giờ chỉ với một lần sạc pin\r\nHoàn hảo cho mọi máy nghe nhạc, điện thoại di động, máy tính bảng hoặc máy tính xách tay', 'loa-spk-103', 1, 50, 'http://localhost/ThreeTech/uploads/1.jpg', 'http://localhost/ThreeTech/uploads/2.jpg', 'http://localhost/ThreeTech/uploads/3.jpg', 2, 'Audiovideo', 1, '2022-11-28 23:49:24'),
(65, 'Sạc dự phòng Innostyle PowerMag Slim 10000mAh Xám IM20PD', 1350.000, 1150.000, 'Thiết kế Snap and Go, cách sử dụng sạc đơn giản và thuận tiện\r\nGắn PowerMag Slim 10000 từ tính vào mặt sau điện thoại để sạc\r\n2 cách sạc thuận tiện: sạc không dây Magsafe và sạc nhanh 20W\r\nTích hợp cổng Lightning, không cần phải mang theo dây cáp rườm rà\r\nHỗ trợ sạc nhanh với công nghệ PD-20W, giúp thiết bị lên 50% trong 30\'\r\nHỗ trợ sạc iPhone 13 & 12 không có ốp lưng hoặc qua ốp Magsafe\r\nChất liệu cao cấp, siêu bền, chống bẩn và đảm bảo an toàn khi sử dụng', 'sac-du-phong-innostyle-powermag-slim-10000mah-xam-im20pd', 1, 49, 'http://localhost/ThreeTech/uploads/10053390-sac-du-phong-innostyle-powermag-slim-10000mah-xam-im20pd-1.jpg', 'http://localhost/ThreeTech/uploads/10053390-sac-du-phong-innostyle-powermag-slim-10000mah-xam-im20pd-2.jpg', 'http://localhost/ThreeTech/uploads/10053390-sac-du-phong-innostyle-powermag-slim-10000mah-xam-im20pd-3.jpg', 3, 'Noibatmoi', 1, '2022-11-28 23:59:11'),
(66, 'Tay cầm game Xbox One S Black', 1799.000, 1399.000, 'Tay cầm game Xbox One S Black\r\nTay bấm game không dây dùng cho PC, Xbox One hoặc các thiết bị di động\r\nTay bấm có thể dùng chế độ có dây và Bluetooth, chỉ cần kết nối tay bấm với máy Xbox One, PC và các thiết bị di động như điện thoại, máy tính bẳng thông qua sóng Bluetooth Hoặc kết nối có dây (dây Micro USB có thể mua ở các cửa hàng điện thoại)', 'tay-cam-game-xbox-one-s-black', 1, 49, 'http://localhost/ThreeTech/uploads/23085_tay_xbox_one_s.jpg', 'http://localhost/ThreeTech/uploads/Tay-cam-xbox-one-s-chinh-hang-co-day-cap-usb-cho-pc-bluetooth-gia-tai-ha-noi-tphcm-shoptaycam_com-01_02.jpg', 'http://localhost/ThreeTech/uploads/tzxplut0jnel4.jpg', 3, 'Noibatmoi', 1, '2022-11-29 00:01:48'),
(67, 'Cáp COM DB25 đực sang đực', 420.000, 220.000, 'Cáp COM DB25 25 chân nối thẳng có hai đầu đực, kích thước 1.5m/3m, lõi cáp thuần đồng chuẩn 28AWG. Bán tại Hà Nội và Online Ship COD TQ\r\n\r\n- Giá chưa bao gồm VAT\r\n\r\n- Bảo hành 3 Tháng\r\n\r\n- Xuất xứ: Trung Quốc', 'cap-com-db25-duc-sang-duc', 1, 50, 'http://localhost/ThreeTech/uploads/932788d3b88e6d9385829341494d7bb1.jpg', 'http://localhost/ThreeTech/uploads/43763453223.jpg', 'http://localhost/ThreeTech/uploads/download.jpg', 3, 'Noibatmoi', 1, '2022-11-29 00:04:30'),
(68, 'Bộ Decor LED Dây RGB Điều Khiển Qua Bluetooth', 865.000, 265.000, 'Bộ Decor LED Dây RGB Điều Khiển Qua Bluetooth là bộ sản phẩm LED trang trí RGB biến căn phòng của quý khách  trở nên lung linh huyển ảo rực rỡ màu sắc\r\nBộ sản phẩm sử dụng LED dây 5050 RGB cao cấp phủ nhựa chống tĩnh điện, chống ẩm, chống ăn mòn bởi môi trường\r\nMặt sau dây LED phủ sẵn 1 lớp keo 3M, tạo sự tiện lợi trong thi công lắp đặt\r\nBộ điều khiển tích hợp công nghệ Bluetooth 4.0 kết nối điều khiển LED bằng ứng dụng điều khiển trên điện thoại di động\r\nỨng dụng điều khiển cho phép khách hàng:\r\nThay đổi hiệu ứng màu sắc của dây LED (đơn sắc, đa sắc,nhấp nháy...)\r\nCài đăt màu sắc của dây LED theo sở thích\r\nĐiều khiển dây LED nháy theo nhạc thông qua Phone Micro hoặc danh sách bài hát tải sẵn trên điện thoại\r\nHẹn giờ bật/tắt dây LED theo ngày và theo tuần\r\nỨng dụng điều khiển sử dụng được cả trên hệ điều hành Android và hệ điều hành IOS', 'bo-decor-led-day-rgb-dieu-khien-qua-bluetooth', 1, 50, 'http://localhost/ThreeTech/uploads/Bluetooth-B-i-u-Khi-n-Nh-c-RGB-Led-D-y-5M-10M-SMD-5050_jpg_Q90_jpg_.jpg', 'http://localhost/ThreeTech/uploads/a54840c06f25081e38e07db5473d1dff.jpg', 'http://localhost/ThreeTech/uploads/f8e1270a5d225568cfe0f1f2dd662411.jpg', 3, 'Noibatmoi', 1, '2022-11-29 00:06:52'),
(69, 'Apple Macbook Pro 13 M2 2022 8GB 256GB', 35590.000, 30590.000, 'Macbook Pro M2 2022 là phiên bản nâng cấp mạnh mẽ của Macbook Pro M1 với nhiều cải tiến vô cùng ấn tượng. Đây sẽ là chiếc laptop mang đến cho người dùng trải nghiệm cực tốt. Từ đó giúp mọi hoạt động giải trí cũng như các công việc nặng như đồ họa, thiết kế đều được xử lý một cách mượt mà và nhanh chóng hơn.\r\n\r\nThiết kế mỏng nhẹ hơn, thời trang hơn', 'apple-macbook-pro-13-m2-2022-8gb-256gb', 1, 50, 'http://localhost/ThreeTech/uploads/hero_13__d1tfa5zby7e6_large00.jpg', 'http://localhost/ThreeTech/uploads/macbook_256.png', 'http://localhost/ThreeTech/uploads/macbook_pro_13-in_m2_chip_silver_1166.jpg', 1, 'Laptopcomputer', 1, '2022-11-29 00:13:03'),
(70, 'iPad Air 5 (2022) 64GB', 16190.000, 15190.000, 'Thiết kế sang trọng - Thiết kế phẳng ở 4 cạnh, màu sắc tươi trẻ\r\nMàn hình cho trải nghiệm chân thực - Tấm nền Retina IPS LCD 10.9 inches, chân thực và sắc nét\r\nKhả năng kết nối phụ kiện tuyệt vời - Dễ dàng kết nối Magic Keyboard và Apple Pencil biến iPad của bạn thành chiếc Laptop hoàn hảo\r\nKhả năng xử lý tác vụ đáng kinh ngạc - Con chip M1 vô cùng mạnh mẽ', 'ipad-air-5-2022-64gb', 1, 50, 'http://localhost/ThreeTech/uploads/1_253_3.jpg', 'http://localhost/ThreeTech/uploads/2_242_3.jpg', 'http://localhost/ThreeTech/uploads/5_158_3.jpg', 2, 'Laptopcomputer', 1, '2022-11-29 00:21:30'),
(71, 'Máy tính để bàn All In One Asus A5401WRAT', 22990.000, 18990.000, 'Máy tính AiO ASUS A5401WRAT BA020T mang đến sức mạnh với khả năng xử lý nhanh chóng nhờ cong chip i5 thế hệ 10 cùng dung lượng RAM lớn.\r\n\r\nNgoài ra, Asus còn trang bị cho sản phẩm lần này của mình một ổ lưu trữ PCIE với dung lượng lên đến 512GB. Nhờ đó không chỉ giúp tốc độ truyền tải dữ liệu nhanh hơn, xử lý các chương trình đa nhiệm một cách trơn tru mà còn mang lại một không gian lưu trữ lớn.', 'may-tinh-de-ban-all-in-one-asus-a5401wrat', 1, 50, 'http://localhost/ThreeTech/uploads/_0000_techzones-asus-zen-aio-24-m5401_1__3_1.jpg', 'http://localhost/ThreeTech/uploads/_0002_techzones-asus-zen-aio-24-m5401_4_1.jpg', 'http://localhost/ThreeTech/uploads/zen_aio_24_a5400_product_photo_1b_10_1_1.jpg', 2, 'Laptopcomputer', 1, '2022-11-29 00:22:46'),
(72, 'Laptop Gaming MSI Bravo 15 B5DD 276VN', 22390.000, 16390.000, 'Chip R5-5600H cùng card rời RX5500M cho khả năng chiến các tựa game nặng, chỉnh sửa hình ảnh trên PTS, Render 3D.\r\nRam 8GB + 1 khe trống cho phép nâng cấp tối đa đến 64GB.\r\nKích thước màn hình 15.6 inches với độ phân giải Full HD mang lại trải nghiệm tuyệt vời, hình ảnh sắc nét.\r\nTản nhiệt 6 ống đồng - Giúp đảm bảo hiệu năng ổn định khi chiến game\r\nTrọng lượng 2.35kg cho cảm giác cầm chắc tay .\r\nMáy đi kèm windows 11 bản quyền.', 'laptop-gaming-msi-bravo-15-b5dd-276vn', 1, 50, 'http://localhost/ThreeTech/uploads/33_6.jpg', 'http://localhost/ThreeTech/uploads/8h42.png', 'http://localhost/ThreeTech/uploads/34_6.jpg', 1, 'Laptopcomputer', 1, '2022-11-29 00:24:02'),
(73, 'Apple Mac mini M1 256GB 2020', 21990.000, 17990.000, 'Vi xử lý M1 mạnh mẽ - Phục vụ tốt cho các tác vụ đồ hoạ như Photoshop, AI, Pr hay các tác vụ về tính toán, lập trình\r\nĐa nhiệm tốt - Ram 8GB cho phép mở cùng lúc nhiều ứng dụng mà vẫn đảm bảo hiệu năng\r\nXử lý nhanh chóng - Ổ cứng SSD 256GB cho tốc độ mở ứng dụng nhanh, phục vụ tốt nhu cầu hằng ngày\r\nKích thước nhỏ gọn - Độ dày 36mm, nặng chỉ 1.2kg giúp bạn dễ dàng mang theo\r\nHỗ trợ nhiều cổng kết nối - 2 cổng Thunderbolt 4 cùng các cổng USB-A, HDMI 2.0, Wi-Fi 6, LAN tiện lợi', 'apple-mac-mini-m1-256gb-2020', 1, 50, 'http://localhost/ThreeTech/uploads/img-apple-main_1.jpg', 'http://localhost/ThreeTech/uploads/mac-mini-202011-gallery-2.jpg', 'http://localhost/ThreeTech/uploads/mac-mini-202011-gallery-5.jpg', 1, 'Laptopcomputer', 1, '2022-11-29 00:25:21'),
(74, 'Máy tính văn phòng All In One văn phòng Asus V241EAT-BA057W', 19690.000, 16690.000, 'CPU Intel Core i3 1115G4 cùng Card Intel UHD đảm bảo mọi tác vụ văn phòng hay xem phim, giải trí,... diễn ra trơn tru\r\nRAM 4 GB cho khả năng đa nhiệm tốt. SSD 512 GB cho không gian lưu trữ đủ dùng, thời gian phản hồi nhanh\r\nMàn hình cảm ứng 23.8 inch với công nghệ Wide View cung cấp góc nhìn rộng mở cùng độ phủ màu đạt 100% sRGB\r\nĐa dạng cổng giao tiếp với 2 x HDMI, 4 x USB 3.2, Jack tai nghe 3.5 mm, LAN (RJ45), USB 2.0\r\nThiết kế sang trọng, tinh tế nhưng gọn gàng, phù hợp cho mọi không gian làm việc', 'may-tinh-van-phong-all-in-one-van-phong-asus-v241eat-ba057w', 1, 50, 'http://localhost/ThreeTech/uploads/1_74_21.jpg', 'http://localhost/ThreeTech/uploads/2_68_19.jpg', 'http://localhost/ThreeTech/uploads/4_44_21.jpg', 2, 'Laptopcomputer', 1, '2022-11-29 00:26:46'),
(75, 'Loa JBL Partybox On The Go', 7990.000, 5990.000, 'Công suất 100W cùng công nghệ Bass Boost mang tới âm bass mạnh mẽ\r\nThoả sức Karaoke với 2 Micro được tặng kèm cùng loa\r\nDung lượng pin 6 giờ sử dụng\r\nChuẩn chống nước IPX4 bảo vệ loa khỏi tác động nước nhẹ\r\nTrải nghiệm âm thanh Stereo với chức năng ghép cặp loa', 'loa-jbl-partybox-on-the-go', 1, 50, 'http://localhost/ThreeTech/uploads/loa-jbl-partybox-on-the-go-2.jpg', 'http://localhost/ThreeTech/uploads/loa-jbl-partybox-on-the-go-1.jpg', 'http://localhost/ThreeTech/uploads/loa-jbl-partybox-on-the-go-6.jpg', 3, 'Audiovideo', 1, '2022-11-29 00:28:35'),
(76, 'Chuột Apple Magic Mouse 2021 MK2E3', 2690.000, 1690.000, 'Thiết kế mỏng nhẹ tạo cảm giác thoải mái khi sử dụng\r\nĐiều khiển cảm ứng thông minh trên bề mặt Multi-Touch\r\nKết nối không dây Bluetooth trong khoảng cách 10m\r\nĐộ phân giải đến 1600 DPI giúp rê chuột mượt mà hơn', 'chuot-apple-magic-mouse-2021-mk2e3', 1, 50, 'http://localhost/ThreeTech/uploads/chuot-apple-magic-mouse-2021-4.jpg', 'http://localhost/ThreeTech/uploads/chuot-apple-magic-mouse-2021-3.jpg', 'http://localhost/ThreeTech/uploads/chuot-apple-magic-mouse-2021-2.jpg', 3, 'Noibatmoi', 1, '2022-11-29 00:30:02'),
(77, 'Loa Bluetooth Harman Kardon Onyx Studio 8', 7990.000, 6990.000, 'Thiết kế độc đáo, thu hút ngay từ ánh nhìn đầu tiên với 3 màu sắc sang trọng\r\nÂm thanh chi tiết kết hợp 2 loa treble và 1 bass thụ động dạng đường\r\nKết nối không dây qua công nghệ Bluetooth 5.0 ổn định\r\nPin lên tới 8 giờ sử dụng liên tục\r\nGhép nối dễ dàng 2 loa với nhau bằng công nghệ Harman Kardon wireless Dual Sound', 'loa-bluetooth-harman-kardon-onyx-studio-8', 1, 50, 'http://localhost/ThreeTech/uploads/loa-harman-kardon-onyx-studio-8-sap-ra-mat-p7883-1649991715666_1_.jpg', 'http://localhost/ThreeTech/uploads/download_37__2_2.png', 'http://localhost/ThreeTech/uploads/download_38_.png', 3, 'Audiovideo', 1, '2022-11-29 00:31:34'),
(78, 'Micro thu âm AKG P220', 6900.000, 4900.000, 'Micro thu âm AKG P220 được chế tạo với lớp màng tạo âm trầm hiện đại, giúp cho chất lượng âm thanh thu được có độ ấm tốt và nghe êm dịu tai. Đặc biệt, bên trong micro thu âm AKG P220 còn trang bị bộ lọc cắt bass với đệm giảm ồn giúp duy trì âm thanh giọng nói ở mức lên đến 155dB, đồng thời lọc ra tạp âm không cần thiết để giữ lại chất giọng chuyên nghiệp chất lượng cao.', 'micro-thu-am-akg-p220', 1, 50, 'http://localhost/ThreeTech/uploads/AKG-P220-2_21213201832416_b_.jpg', 'http://localhost/ThreeTech/uploads/7lMlwDEwD49R.jpg', 'http://localhost/ThreeTech/uploads/micro-thu-am-akg-p220.jpg', 3, 'Audiovideo', 1, '2022-11-29 00:33:04'),
(79, 'Bộ trộn âm thanh Soundcraft SCR Notepad 5CH', 5000.000, 3000.000, 'Bộ trộn âm thanh Soundcraft SCR Notepad 5CH với thiết kế kim loại rất bền bỉ, dễ dàng điều khiển và sử dụng. Thiết bị có 2 bảng điều khiển EQ cho mỗi kênh, một thiết kế thường thấy trên các bảng điều khiển lớn hơn. Trang bị đèn LED hiển thị mức âm tổng giúp kiểm soát tín hiệu đầu ra tốt hơn.', 'bo-tron-am-thanh-soundcraft-scr-notepad-5ch', 1, 50, 'http://localhost/ThreeTech/uploads/bo-tron-am-thanh-soundcraft-notepad-5ch-2.jpg', 'http://localhost/ThreeTech/uploads/bo-tron-am-thanh-soundcraft-notepad-5ch-3.jpg', 'http://localhost/ThreeTech/uploads/bo-tron-am-thanh-soundcraft-notepad-5ch-4.jpg', 3, 'Audiovideo', 1, '2022-11-29 00:34:32'),
(80, 'RAM laptop Kimtigo 8GB DDR4 2666MHz KMKS8G8682666', 800.000, 600.000, 'RAM laptop Kimtigo 8GB DDR4 2666MHz KMKS8G8682666 – Chất lượng\r\nRAM laptop Kimtigo 8GB DDR4 2666 MHz KMKS8G8682666 sẽ là lựa chọn tốt nhất cho nhu cầu nâng cấp Ram laptop của bạn. Với nhiều tiện ích và hiệu năng tuyệt vời chiếc RAM 8GB này sẽ mang lại cho bạn những trải nghiệm nâng cấp tốt nhất.\r\n\r\nThiết kế tiêu chuẩn đẹp, gọn và nhẹ\r\nVới 1 kiểu dáng gọn, tiện lợi kết hợp thêm việc sở hữu 1 thiết kế đầy tiêu chuẩn ram laptop Kimtigo 8GB DDR4 2666 MHz cho phép hoạt động đầy nhẹ nhàng hiệu quả và không lo xung đột với các bộ phận, chi tiết khác. Đây là 1 điểm thiết kế đầy nổi bật và cao cấp của chiếc ram này.', 'ram-laptop-kimtigo-8gb-ddr4-2666mhz-kmks8g8682666', 1, 49, 'http://localhost/ThreeTech/uploads/20_3_30.jpg', 'http://localhost/ThreeTech/uploads/19_2_90.jpg', 'http://localhost/ThreeTech/uploads/5_6_1.png', 3, 'Noibatmoi', 1, '2022-11-29 02:37:05'),
(81, 'CPU Intel Core i5 12400F', 6400.000, 5400.000, 'Bộ vi xử lý Intel Core i5 12400F – Siêu phẩm chơi game\r\nBộ vi xử lý Intel Core i5 12400F khi mới ra mắt trên thị trường đã được người dùng săn lùng thông tin khắp nơi. Từ đó sản phẩm được rất nhiều khách hàng, đặt biệt là các game thủ tin dùng, bởi thế được coi như đối thủ nặng ký của nhiều thiết bị cùng chức năng khác.\r\n\r\nHiệu năng mạnh mẽ\r\nBộ vi xử lý Intel Core i5 12400F mang thiết kế dành cho đa số người dùng chơi game, nhà sản xuất đã quan tâm đến người dùng khi cung cấp một hiệu năng nổi trội, CPU Intel Core i5-12400F với TDP là 65W và có bo mạch chủ tự động đạt 117W.', 'cpu-intel-core-i5-12400f', 1, 50, 'http://localhost/ThreeTech/uploads/1_7_1.png', 'http://localhost/ThreeTech/uploads/cpu-intel-core-i5-11400f_1.jpg', 'http://localhost/ThreeTech/uploads/cpu-intel-core-i5-12400f.jpg', 3, 'Noibatmoi', 1, '2022-11-29 02:38:56'),
(82, 'Mainboard MSI B660 Mortar Wifi DDR4', 2500.000, 2000.000, 'Mainboard MSI B660M Mortar Wifi DDR4 sở hữu nhiều tính năng hiện đại, cùng với những sức mạnh có độc quyền có trong mainboard sẽ giúp người dùng khám phá nhiều điều thú vị khi sử dụng. Cùng CellphoneS khai thác nhiều hơn về mainboard Intel nhé!\r\n\r\nSử dụng IC kỹ thuật số và hệ thống tản nhiệt hiệu quả\r\nVới nhiều năm kinh nghiệm sản xuất trong lĩnh vực công nghệ, MSI đã cho ra mắt sản phẩm Mainboard MSI B660M Mortar Wifi DDR4 có mẫu mã đẹp mắt. \r\n\r\nBên cạnh đó hiệu năng của sản phẩm cũng được đánh giá cao khi sử dụng IC kỹ thuật số giúp hệ thống hoạt động một cách mượt mà.', 'mainboard-msi-b660-mortar-wifi-ddr4', 1, 50, 'http://localhost/ThreeTech/uploads/gaming_002_3__1.png', 'http://localhost/ThreeTech/uploads/41_1_63.jpg', 'http://localhost/ThreeTech/uploads/40_1_59.jpg', 3, 'Noibatmoi', 1, '2022-11-29 02:41:14'),
(83, 'Laptop Gaming Acer Nitro 5 AN515 45 R6EV', 18900.000, 16900.000, 'Thiết kế gaming bắt mắt, đèn nền nhiều màu sắc\r\nHiệu năng mạnh mẽ, đáp ứng mọi nhu cầu sử dụng - Ryzen 5 5600H\r\nRAM 8GB cho đa nhiệm mượt mà, xử lí hiệu quả công việc\r\nĐa dạng cổng kết nối - Type-C, USB 3.0, HDMI, 3.5 mm\r\nLaptop Acer AN515-45-R6EV - Hiệu năng mạnh mẽ, diện mạo ấn tượng\r\n\r\nAcer Nitro nổi tiếng là một thiết kế phá cách diện mạo cùng hiệu năng mạnh mẽ ấn tượng, chiếc laptop này có ấn tượng mạnh từ ngoài vào trong. Bạn có thể thực hiện mọi thao tác hằng ngày mượt mà trên laptop Acer AN515-45-R6EV. Hãy xem những ưu điểm cuốn hút khiến người dùng bất chấp tất cả để lựa chọn nó nhé!', 'laptop-gaming-acer-nitro-5-an515-45-r6ev', 1, 50, 'http://localhost/ThreeTech/uploads/2_64_22.jpg', 'http://localhost/ThreeTech/uploads/1_69_23.jpg', 'http://localhost/ThreeTech/uploads/text_d_i_1__4.png', 1, 'Noibatmoi', 1, '2022-11-29 02:43:15'),
(84, 'Loa Bluetooth Mozard E8', 1550.000, 855.000, 'Loa kết nối không dây Bluetooth 5.0 tương thích với các thiết bị chạy hệ điều hành Android, Windows, iOS (iPhone) cho việc kết nối thiết bị thêm dễ dàng và tiện lợi.\r\nVới công suất 15 W, loa Mozard cho âm trầm căng khỏe, âm cao trong trẻo thể hiện âm thanh trung thực, mượt mà, rõ ràng đến từng lời ca.\r\nDung lượng pin 3000 mAh cho thời gian sử dụng khoảng 5 giờ (âm lượng 50%), thời gian sạc cho loa khoảng 4 giờ.\r\nBên cạnh các kết nối không dây Bluetooth, loa Bluetooth Mozard này còn được trang bị một số kết nối thông dụng như AUX IN, khe thẻ nhớ Micro SD, jack 3.5 mm và jack sạc các cổng này được đặt gọn trong một khay có nắp đậy cực gọn gàng.', 'loa-bluetooth-mozard-e8', 1, 50, 'http://localhost/ThreeTech/uploads/loa-bluetooth-mozard-e8-do-2-org.jpg', 'http://localhost/ThreeTech/uploads/loa-bluetooth-mozard-e8-note-1.jpg', 'http://localhost/ThreeTech/uploads/loa-bluetooth-mozard-e8-do-1-org.jpg', 3, 'Audiovideo', 1, '2022-11-29 02:45:58'),
(85, 'Loa Marshall Acton II Bluetooth', 7000.000, 6390.000, 'Marshall Acton 2 là mẫu loa bluetooth nghe nhạc cực hay với thiết kế nhỏ gọn với phong cách decor, vintage độc đáo, đậm chất hoài cổ cùng nhiều tính năng tiên tiến giúp bạn dễ dàng sử dụng và bố trí trong các không gian phòng khác nhau.\r\n\r\nModel: Acton II\r\nLoại: Loa bluetooth\r\nKích thước (R x C x S): 260 x 160 x 150mm\r\nTrọng lượng: 2.85kg\r\nCấu trúc âm thanh: 2 loa treble dome 3/4inch, 1 loa bass 4 inch\r\nĐáp ứng tần số: 50Hz – 20kHz\r\nCông suất: 60 W\r\nAmply: class D\r\nMax SPL: 98 dB (khoảng cách 1 mét)\r\nKết nối: Bluetooth 5.0, AUX (dây 3.5mm)\r\nĐiều khiển: Nút Bass và Treble, volume dạng cơ vặn.\r\nNguồn điện: 100 đến 240 VAC, 50/60 Hz\r\nChất liệu loa: được bọc da, và ê-căng làm từ lưới thép cao cấp.\r\nThùng loa: Bass reflex', 'loa-marshall-acton-ii-bluetooth', 1, 50, 'http://localhost/ThreeTech/uploads/loa-bluetooth-marshall-black.jpg', 'http://localhost/ThreeTech/uploads/Loa-Marshall-Acton-II-moi-nhat-1.jpg', 'http://localhost/ThreeTech/uploads/1558170042-loa-marshall-acton-ii-8.jpg', 3, 'Audiovideo', 1, '2022-11-29 02:48:17');
INSERT INTO `sanpham` (`sanPhamId`, `tenSanPham`, `giaGoc`, `giaBan`, `moTa`, `duongDan`, `trangThai`, `soLuong`, `anhChinh`, `anhPhu1`, `anhPhu2`, `chuyenMucId`, `loaiSanPham`, `nhanVienId`, `ngayDang`) VALUES
(86, 'Camera Wifi VsmaHome V1 – HD 720P', 1000.000, 750.000, 'Camera IP WiFi VSmaHome V1 720P\r\nChất lượng HD 720P 25 khung hình/ giây,\r\nKiểu dáng mini dog độc đáo sang trọng, nhiều chức năng thông minh, sử dụng công nghệ đám mây của tag cho hình ảnh đẹp, độ mượt ấn tượng.\r\nWireless IP Camera VSMAHOME\r\nĐộ phân giải 1.0Mpx, chất lượng hình ảnh HD720P,\r\nHỗ Trợ Thẻ Nhớ tới 128G\r\nXem qua ứng dụng : VSMAHOME', 'camera-wifi-vsmahome-v1-hd-720p', 1, 50, 'http://localhost/ThreeTech/uploads/429846e481_jpg_500x500.jpg', 'http://localhost/ThreeTech/uploads/fc241b50911e6447eaf4ad8b43681723.jpg', 'http://localhost/ThreeTech/uploads/camera-ip-wifi-2mp-1080.jpg', 3, 'Audiovideo', 1, '2022-11-29 02:57:30'),
(87, 'Microphone thu âm không dây Boya By M1LV-U', 2840.000, 2240.000, 'Microphone thu âm không dây Boya By - M1LV - U - Nhỏ gọn, âm thanh trong trẻo\r\nMicrophone thu âm không dây Boya By - M1LV - U với thiết kế nhỏ gọn và công nghệ thu âm mới hứa hẹn sẽ mang lại cho người dùng các trải nghiệm tuyệt vời. Cùng xem qua để biết rõ hơn các chi tiết về microphone thu âm này nhé!\r\nChất lượng cao với độ tương thích tốt\r\nMicrophone thu âm không dây Boya By - M1LV - U được chứng nhận MFi nhờ có trang bị cáp sạc Lightning. Với chứng nhận MFi này, người dùng có thể yên tâm về chất lượng cũng như độ an toàn của sản phẩm.\r\nĐặc biệt, với đầu ra USB-C nên sản phẩm sẽ được thiết kế có độ tương thích cao với tất cả các thiết bị thông minh của Android và cả những thiết bị khác có tích hợp chuẩn USB-C.', 'microphone-thu-am-khong-day-boya-by-m1lv-u', 1, 49, 'http://localhost/ThreeTech/uploads/5_36_37.jpg', 'http://localhost/ThreeTech/uploads/6_26_90.jpg', 'http://localhost/ThreeTech/uploads/7_18_94.jpg', 3, 'Audiovideo', 1, '2022-11-29 03:01:34'),
(88, 'PC Lenovo IdeaCentre G5 14IMB05 (i5-10400/8GB RAM/256GB SSD/GTX1660 Super/WL+BT/No OS)', 18400.000, 17400.000, 'Thông số sản phẩm\r\nCPU: Core i5-10400\r\nRAM: 8GB\r\nGPU: GTX1660 Super 6GB\r\nỔ cứng: 256GB SSD\r\nTính năng: WLAN + Bluetooth\r\nOS: chưa có\r\nPhụ kiện: Cab Nguồn, HDSD', 'pc-lenovo-ideacentre-g5-14imb05-i5-104008gb-ram256gb-ssdgtx1660-superwlbtno-os', 1, 50, 'http://localhost/ThreeTech/uploads/61455_pc_lenovo_ideacentre_g5.jpg', 'http://localhost/ThreeTech/uploads/61455_pc_lenovo_ideacentre_g5_2.jpg', 'http://localhost/ThreeTech/uploads/61455_pc_lenovo_ideacentre_g5_14imb05_1.jpg', 2, 'Laptopcomputer', 1, '2022-11-29 12:53:06'),
(89, 'PC Gaming Asus Rog Strix GA35 G35DX-VN003W', 42400.000, 40000.000, 'PC Asus Rog Strix GA35 G35DX VN003W - Mạnh mẽ, hiện đại\r\nPC Asus Rog Strix GA35 G35DX VN003W chính là người bạn tuyệt vời, giúp bạn thực hiện đa tác vụ từ văn phòng đến đồ họa mà với một chiếc PC thông thường sẽ khó có thể đứng vững được? Xem ngay tính năng nổi bật của PC đồ họa đến từ nhà ASUS.\r\nHiệu năng hoạt động mạnh mẽ, đa nhiệm mượt mà\r\nPC Asus Rog Strix GA35 G35DX VN003W có hiệu năng hoạt động mạnh mẽ. Điều này đều nhờ vào con chip được tích hợp dưới nền tảng socket AM4 với 8 nhân 16 luồng cho xung nhịp tối đa. Tới đây thì cũng đủ hiểu được sức mạnh mà nó mang đến cho chiếc PC đạt được hiệu quả bất ngờ.', 'pc-gaming-asus-rog-strix-ga35-g35dx-vn003w', 1, 50, 'http://localhost/ThreeTech/uploads/_0002_61060_g35dx_vn010t_001.jpg', 'http://localhost/ThreeTech/uploads/_0001_61060_g35dx_vn010t_002.jpg', 'http://localhost/ThreeTech/uploads/_0000_61060_g35dx_vn010t_003.jpg', 2, 'Laptopcomputer', 1, '2022-11-29 12:56:14'),
(90, 'Máy tính All In One văn phòng Asus V241EAK-WA209W', 17390.000, 16390.000, 'ĐẶC ĐIỂM NỔI BẬT\r\nThiết kế sang trọng, màn hình cảm ứng với kích thước 23.8 inch có tỷ lệ màn hình lên đến 88%\r\nHiệu năng mạnh mẽ với chip Intel Core i5 1135G7, kết hợp card đồ hoạ Intel Iris Xe Graphics\r\nĐộ phân giải Full HD, dải màu chuẩn sRGB 100% cung cấp không gian hiển thị sắc nét, rực rỡ\r\nHệ thống RAM 8 GB và ổ cứng SSD 512 GB, giúp xử lý tốt mọi tác vụ và lưu trữ thoải mái hơn\r\nWebcam HD 720p cho chất lượng sắc nét, độ bảo mật cao hơn nhờ vào chip Firmware TPM', 'may-tinh-all-in-one-van-phong-asus-v241eak-wa209w', 1, 50, 'http://localhost/ThreeTech/uploads/group_197_2.png', 'http://localhost/ThreeTech/uploads/1_222_1_1.jpg', 'http://localhost/ThreeTech/uploads/may-tinh-all-in-one-asus-v241eak-wa209w-2.jpg', 2, 'Laptopcomputer', 1, '2022-11-29 12:57:59'),
(91, 'PC Gaming CPS 010', 13480.000, 12480.000, 'PC Gaming CPS 010 - Chiến mọi tựa game mượt mà\r\nPC Gaming CPS 010 sẽ giúp bạn chiến mượt mà với các tựa game từ đơn giản đến đồ họa cao. Cùng mình tìm hiểu về PC Gaming này có gì mà lại được các game thủ ưa chuộng đến thế nhé!\r\nBộ vi xử lý mạnh mẽ phù hợp chiến mọi tựa game mượt mà\r\nPC Gaming CPS 010 được trang bị bởi bộ vi xử lý Intel mới nên hầu như thích hợp cho nhiều bo mạch chủ khác nhau nên việc nâng cấp dàn PC Gaming này sẽ dễ dàng hơn và hiệu năng xử lý cũng mạnh mẽ hơn rất nhiều.', 'pc-gaming-cps-010', 1, 50, 'http://localhost/ThreeTech/uploads/pc1_9.png', 'http://localhost/ThreeTech/uploads/pc5_9.png', 'http://localhost/ThreeTech/uploads/pc2_9.png', 2, 'Laptopcomputer', 1, '2022-11-29 13:00:05'),
(92, 'Laptop Dell Vostro 5410 I5-11320H/8GB/512GB/Win11', 22690.000, 19690.000, 'Thiết kế trang nhã, hiện đại, sẵn sàng đồng hành cùng bạn mọi nơi\r\nChip Intel Core i5 - 11320H giúp bạn xử lý tốt các công việc văn phòng \r\nRAM 8GB chuẩn DDR4, đa nhiệm mượt mà, xử lý nhiều tác vụ cùng lúc\r\nCard đồ họa Intel Iris Xe Graphics nâng cao hiệu xuất xử lý đồ họa\r\nỔ cứng 512 GB SSD, không gian lưu trữ lớn, thoái mái tải tài liệu\r\nLaptop có kích thước 14\" độ phân giải Full HD, trải nghiệm xem phim mãn nhãn', 'laptop-dell-vostro-5410-i5-11320h8gb512gbwin11', 1, 50, 'http://localhost/ThreeTech/uploads/10051066-laptop-dell-vostro-5410-i5-11320h-v4i5214w1-1.jpg', 'http://localhost/ThreeTech/uploads/10051066-laptop-dell-vostro-5410-i5-11320h-v4i5214w1-2.jpg', 'http://localhost/ThreeTech/uploads/10051066-laptop-dell-vostro-5410-i5-11320h-v4i5214w1-3.jpg', 1, 'Top20', 1, '2022-11-29 21:19:59'),
(93, 'Laptop HP 14S-CF2527TU i3-10110U/4GB/256GB/Win11', 12990.000, 8990.000, 'Màn hình 14 inch, độ phân giải HD cho trải nghiệm hình ảnh rõ nét\r\nBộ vi xử lý Intel Core i3-10110U xử lý tốt tác vụ học tập, văn phòng\r\nRAM 4GB DDR4 giúp laptop đa nhiệm ổn định, hạn chế giật lag\r\nỔ cứng SSD 256GB giúp mở máy nhanh, không gian lưu trữ đủ dùng\r\nThiết kế gọn nhẹ, khoảng 1.47 kg, dễ dàng mang theo sử dụng', 'laptop-hp-14s-cf2527tu-i3-10110u4gb256gbwin11', 1, 50, 'http://localhost/ThreeTech/uploads/10051191-laptop-hp-14s-cf2527tu-i3-10110u-4k4a1pa-1.jpg', 'http://localhost/ThreeTech/uploads/10051191-laptop-hp-14s-cf2527tu-i3-10110u-4k4a1pa-2.jpg', 'http://localhost/ThreeTech/uploads/10051191-laptop-hp-14s-cf2527tu-i3-10110u-4k4a1pa-3.jpg', 1, 'Top20', 1, '2022-11-29 21:21:02'),
(94, 'iMac 24 inch 4.5K Retina M1/8GB/512GB MGPD3SA/A', 45990.000, 39990.000, 'Thiết kế tinh tế, sang trọng với chân đế kim loại nguyên khối\r\nCon Chip M1 có hiệu năng mạnh mẽ, xử lý mượt mà các tác vụ\r\nMàn hình 24inch 4.5K Retina hiển thị hình ảnh sắc nét, chân thật\r\nRAM 8GB đa nhiệm có thể làm việc với nhiều Tab cùng một lúc\r\nỔ cứng 512GB truy xuất dữ liệu nhanh, tăng tốc khởi động máy \r\nTrang bị các cổng kết nối hàng đầu giúp kết nối, truyền dữ liệu nhanh ', 'imac-24-inch-45k-retina-m18gb512gb-mgpd3saa', 1, 50, 'http://localhost/ThreeTech/uploads/10053168-imac-24-inch-m1-8gb-512gb-mgpd3sa-a-11.jpg', 'http://localhost/ThreeTech/uploads/10053168-imac-24-inch-m1-8gb-512gb-mgpd3sa-a-21.jpg', 'http://localhost/ThreeTech/uploads/10053168-imac-24-inch-m1-8gb-512gb-mgpd3sa-a-31.jpg', 2, 'Top20', 1, '2022-11-29 21:22:16'),
(95, 'PC HP Slim Desktop Bundle S01-PF2024D i7-12700/8GB/512GB/Win11', 20590.000, 18590.000, 'Kiểu dáng đẹp, thiết kế nhỏ gọn có thể đặt ở mọi vị trí trong nhà cũng như văn phòng\r\nCPU Intel Core i7-12700 với sức mạnh vượt trội xử lý mượt mọi tác vụ từ nặng đến nhẹ\r\nRAM 8GB DDR4 đa nhiệm có thể làm việc với nhiều tab mà không gặp tình trạng giật, lag\r\nĐược trang bị bộ nhớ trong 512GB giúp khởi động máy nhanh, cho không gian lưu trữ lớn\r\nTích hợp đầy đủ cổng kết nối: USB, HDMI, VGA,... đáp ứng mọi nhu cầu của người dùng', 'pc-hp-slim-desktop-bundle-s01-pf2024d-i7-127008gb512gbwin11', 1, 50, 'http://localhost/ThreeTech/uploads/10052818-pc-hp-slim-desktop-bundle-s01-i7-12700-pf2024d-6k7b3pa-1.jpg', 'http://localhost/ThreeTech/uploads/10052818-pc-hp-slim-desktop-bundle-s01-i7-12700-pf2024d-6k7b3pa-2.jpg', 'http://localhost/ThreeTech/uploads/10052818-pc-hp-slim-desktop-bundle-s01-i7-12700-pf2024d-6k7b3pa-3.jpg', 2, 'Top20', 1, '2022-11-29 21:23:22'),
(96, 'Ổ cứng di động HDD Western Digital Elements', 2690.000, 2490.000, 'Dung lượng 2TB cho khả năng lưu trữ cực kì lớn\r\nTương thích trên các thiết bị dùng cổng USB 3.0, USB 2.0\r\nNhỏ gọn mỏng 15mm, chống sốc cao, vỏ nhựa bền\r\nTương thích với hệ điều hành Windows, Mac\r\nDễ dàng sử dụng và mang theo bên mình', 'o-cung-di-dong-hdd-western-digital-elements', 1, 50, 'http://localhost/ThreeTech/uploads/10033919-o-cung-di-dong-gn-wd-elements-2tb-2-5-usb-3-0-1.jpg', 'http://localhost/ThreeTech/uploads/10033919-o-cung-di-dong-gn-wd-elements-2tb-2-5-usb-3-0-2.jpg', 'http://localhost/ThreeTech/uploads/10033919-o-cung-di-dong-gn-wd-elements-2tb-2-5-usb-3-0-4.jpg', 3, 'Top20', 1, '2022-11-29 21:24:41'),
(97, 'Ổ cứng di động WD My Passport 1TB WDBYVG0010BBK', 2590.000, 1590.000, 'Thiết kế mỏng, kết nối USB 3.2 Gen1 tương thích 3.0 và 2.0\r\nMy Passport định dạng Exfat cho Windows 7, 8, 10 và MacOS\r\nPhần mềm sao lưu dữ liệu tự động WD Backup\r\nPhần mềm đặt mật khẩu WD Security\r\nPhần mềm chẩn đoán tình trạng ổ đĩa WD Utilities', 'o-cung-di-dong-wd-my-passport-1tb-wdbyvg0010bbk', 1, 50, 'http://localhost/ThreeTech/uploads/10044757-o-cung-di-dong-wd-my-passport-1tb-wdbtvg0010bbk-den-1.jpg', 'http://localhost/ThreeTech/uploads/10044757-o-cung-di-dong-wd-my-passport-1tb-wdbtvg0010bbk-den-2.jpg', 'http://localhost/ThreeTech/uploads/10044757-o-cung-di-dong-wd-my-passport-1tb-wdbtvg0010bbk-den-4.jpg', 3, 'Top20', 1, '2022-11-29 21:25:53'),
(98, 'Laptop MSI Modern 14 i7-1195G7/8GB/512GB/Win11 B11MOU-1065VN', 19990.000, 16990.000, 'Thiết kế thời thượng, kiểu dáng nhỏ gọn với trọng lượng chỉ 1.3kg\r\nHiệu suất mạnh mẽ, xử lý mượt mà mọi tác vụ nhờ CPU i7-1195G7\r\nRAM 8GB đa nhiệm có thể làm việc với nhiều Tab mà không giật, lag\r\nỔ cứng 512GB cho không gian lưu trữ lớn, mở các ứng dụng nhanh chóng\r\nCó đủ các cổng kết nối hiện đại, thông dụng giúp nhận và truyền dữ liệu\r\nMàn hình Full HD, độ phân giải 1920x1080 hiển thị hình ảnh sắc nét', 'laptop-msi-modern-14-i7-1195g78gb512gbwin11-b11mou-1065vn', 1, 50, 'http://localhost/ThreeTech/uploads/10053339-laptop-msi-modern-14-i7-1195g7-b11mou-1065vn-1.jpg', 'http://localhost/ThreeTech/uploads/10053339-laptop-msi-modern-14-i7-1195g7-b11mou-1065vn-2.jpg', 'http://localhost/ThreeTech/uploads/10053339-laptop-msi-modern-14-i7-1195g7-b11mou-1065vn-3.jpg', 1, 'Trend', 1, '2022-11-30 22:52:21'),
(99, 'Laptop Dell Vostro 5620 i5-1240P/16GB/512GB/Win11 VWXVW', 27990.000, 26990.000, 'Ngoại hình bắt mắt, kiểu dáng sang trọng với màu Xám mạnh mẽ\r\nBộ vi xử lý Intel Core i5-1240P mang đến hiệu năng mạnh mẽ, ấn tượng\r\nRAM DDR4 16GB có thể làm việc với nhiều Tab một lúc, hỗ trợ thiết kế\r\nỔ cứng 512GB khởi động máy nhanh hơn, mở rộng không gian lưu trữ\r\nTích hợp hệ điều hành Windows 11 với giao diện thân thiện, dễ sử dụng\r\nTrang bị đầy đủ các cổng kết nối hiện đại và thông dụng: USB, HDMI,.v.v.', 'laptop-dell-vostro-5620-i5-1240p16gb512gbwin11-vwxvw', 1, 50, 'http://localhost/ThreeTech/uploads/10053688-laptop-dell-vostro-5620-i5-1240p-vwxvw.jpg', 'http://localhost/ThreeTech/uploads/10053688-laptop-dell-vostro-5620-i5-1240p-vwxvw-2_cxp9-af.jpg', 'http://localhost/ThreeTech/uploads/10053688-laptop-dell-vostro-5620-i5-1240p-vwxvw-3_6f2q-im.jpg', 1, 'Trend', 1, '2022-11-30 23:01:01'),
(100, 'Máy tính để bàn Lenovo IdeaCentre AIO 3 24ITL6 i3', 15190.000, 13190.000, 'Màn hình	23.8 inch, 1920 x 1080 Pixels, IPS, 250 nits, FHD\r\nCPU	Intel, Core i3, 1115G4\r\nRAM	4 GB, DDR4, 3200 MHz\r\nỔ cứng	SSD 256 GB\r\nHệ điều hành	Windows 11 Home\r\nTrọng lượng	6.81 kg\r\nKích thước (DxRxC)	541 x 185.34 x 433.56 mm\r\nXuất xứ	Trung Quốc\r\nNăm ra mắt	2022', 'may-tinh-de-ban-lenovo-ideacentre-aio-3-24itl6-i3', 1, 50, 'http://localhost/ThreeTech/uploads/41623_lenovo_ideacentre_3_24iil5_white_ha5.jpg', 'http://localhost/ThreeTech/uploads/0kztbylcss3g3.jpg', 'http://localhost/ThreeTech/uploads/41201_m__y_t__nh_______b__n_all_in_one_lenovo_ideacentre_aio_3_24itl6_f0g000xbvn__1_.jpg', 2, 'Trend', 1, '2022-11-30 23:25:40'),
(101, 'Asus AIO V241EAT i3 1115G4/4GB/512GB/23.8\"', 20990.000, 18990.000, ' Máy tính bàn Asus mang CPU Intel Core i3 1115G4 cùng card tích hợp Intel UHD Graphics đảm bảo mọi tác vụ văn phòng hay xem phim, giải trí,... diễn ra trơn tru.\r\n\r\n• Máy tính để bàn Intel core i3 được trang bị RAM 4 GB cho khả năng đa nhiệm tốt. SSD 512 GB cho người dùng không gian lưu trữ đủ dùng, thời gian phản hồi cực nhanh.\r\n\r\n• Màn hình cảm ứng 23.8 inch thuận tiện cho người dùng thao tác trên màn hình. Công nghệ Wide View cung cấp góc nhìn rộng mở cùng độ phủ màu đạt 100% sRGB mang lại màu sắc chuẩn xác, đắm chìm.', 'asus-aio-v241eat-i3-1115g44gb512gb238', 1, 50, 'http://localhost/ThreeTech/uploads/asus-aio-v241eat-i3-ba057w-1.jpg', 'http://localhost/ThreeTech/uploads/asus-aio-v241eat-i3-ba057w-2.jpg', 'http://localhost/ThreeTech/uploads/asus-aio-v241eat-i3-ba057w-4.jpg', 2, 'Trend', 1, '2022-11-30 23:27:33'),
(102, 'Mainboard Asus ROG STRIX Z790-F GAMING WIFI DDR5', 15199.000, 13199.000, 'Socket: Intel Socket LGA1700 hỗ trợ CPU intel thế hệ 13,Intel thế hệ 12. Pentium® Gold and Celeron® Processors\r\nKích thước: ATX\r\nKhe cắm RAM: 4 khe (Tối đa 128GB)\r\nKhe cắm mở rộng: 1 x PCIe 5.0 x16 slot, 2 x PCIe 4.0 x16 slots (support x4 mode), 1 x PCIe 3.0 x1 slot', 'mainboard-asus-rog-strix-z790-f-gaming-wifi-ddr5', 1, 50, 'http://localhost/ThreeTech/uploads/43555_mainboard_asus_rog_strix_z790_f_gaming_wifi_ddr5__1_.jpg', 'http://localhost/ThreeTech/uploads/43555_mainboard_asus_rog_strix_z790_f_gaming_wifi_ddr5__7_.jpg', 'http://localhost/ThreeTech/uploads/43555_mainboard_asus_rog_strix_z790_f_gaming_wifi_ddr5__8_.jpg', 3, 'Trend', 1, '2022-11-30 23:29:50'),
(103, 'Ram Desktop Corsair Vengeance RGB RS (CMG64GX4M2E3200C16) 64GB (2x32GB) DDR4 3200MHz', 7649.000, 6649.000, 'Dung lượng: 64GB (2x32GB)\r\nBus: 3200MHz\r\nĐộ trễ: 16-20-20-38\r\nĐiện áp: 1.35V', 'ram-desktop-corsair-vengeance-rgb-rs-cmg64gx4m2e3200c16-64gb-2x32gb-ddr4-3200mhz', 1, 50, 'http://localhost/ThreeTech/uploads/39758_61170_ram_desktop_corsair_vengeance_rgb_rs_cmg64gx4m2e3200c16_1.jpg', 'http://localhost/ThreeTech/uploads/39758_corsair_vengeance_rgb_rs_ddr4_3200mhz_2x32gb___01___an_phat_computer_min.jpg', 'http://localhost/ThreeTech/uploads/39758_corsair_vengeance_rgb_rs_ddr4_3200mhz_2x32gb___02___an_phat_computer_min.jpg', 3, 'Trend', 1, '2022-11-30 23:31:25');

-- --------------------------------------------------------

--
-- Table structure for table `tintuc`
--

CREATE TABLE `tintuc` (
  `tinTucId` int(11) NOT NULL,
  `anhChinh` varchar(255) NOT NULL,
  `tieuDe` varchar(255) NOT NULL,
  `noiDung` text NOT NULL,
  `nhanVienId` int(11) NOT NULL,
  `ngayDang` datetime NOT NULL DEFAULT current_timestamp(),
  `duongDan` varchar(255) NOT NULL
) ENGINE=InnoDB DEFAULT CHARSET=utf8 COLLATE=utf8_unicode_ci;

--
-- Dumping data for table `tintuc`
--

INSERT INTO `tintuc` (`tinTucId`, `anhChinh`, `tieuDe`, `noiDung`, `nhanVienId`, `ngayDang`, `duongDan`) VALUES
(2, 'http://localhost/ThreeTech/uploads/Emergency-SOS-via-Satellite-iP-5991-4875-16699994572.jpg', 'iPhone 14 cứu người nhờ tin nhắn SOS qua vệ tinh', '<p>Một người đ&agrave;n &ocirc;ng tại bị mắc kẹt tại Alaska được giải cứu khi sử dụng t&iacute;nh năng gửi tin nhắn SOS qua vệ tinh tr&ecirc;n Phone 14.</p>\r\n\r\n<p>Theo&nbsp;<em>Apple Insider</em>, nguời đ&agrave;n &ocirc;ng n&agrave;y sử dụng xe trượt tuyết để đi từ Noorvik đến Kotzebue tại Alaska. &Ocirc;ng bị mắc kẹt v&agrave;o khoảng 2h s&aacute;ng ng&agrave;y 1/12 tại một khu vực hẻo l&aacute;nh, kh&ocirc;ng c&oacute; s&oacute;ng di động. &Ocirc;ng sử dụng iPhone 14, mới được Apple k&iacute;ch hoạt t&iacute;nh năng cứu nạn khẩn cấp giữa th&aacute;ng 11.</p>\r\n\r\n<p>Sau khi gửi tin cầu cứu qua vệ tinh, Trung t&acirc;m ứng ph&oacute; khẩn cấp của Apple đ&atilde; li&ecirc;n hệ với c&aacute;c đội t&igrave;m kiếm cứu nạn địa phương. Người đ&agrave;n &ocirc;ng được giải cứu th&agrave;nh c&ocirc;ng m&agrave; kh&ocirc;ng bị thương v&agrave; may mắn l&agrave; khu vực đ&oacute; c&oacute; kết nối vệ tinh. Apple cho biết, kết nối vệ tinh c&oacute; thể kh&ocirc;ng hoạt động tại một số nơi như ph&iacute;a bắc của Canada v&agrave; Alaska.</p>\r\n\r\n<p style=\"text-align:center\"><img alt=\"Tính năng SOS qua vệ tinh hiện chỉ có trên dòng iPhone 14. Ảnh: Apple\" src=\"https://i1-sohoa.vnecdn.net/2022/12/02/Emergency-SOS-via-Satellite-iP-5991-4875-1669999457.jpg?w=680&amp;h=0&amp;q=100&amp;dpr=1&amp;fit=crop&amp;s=SvxAinmrZU9p71-cCg6V1w\" /></p>\r\n\r\n<p>T&iacute;nh năng SOS qua vệ tinh hiện chỉ c&oacute; tr&ecirc;n d&ograve;ng iPhone 14. Ảnh:&nbsp;<em>Apple</em></p>\r\n\r\n<p>Nh&oacute;m nh&acirc;n vi&ecirc;n cứu hộ cũng ấn tượng với độ ch&iacute;nh x&aacute;c cũng như c&aacute;c th&ocirc;ng tin được thiết bị cung cấp. T&iacute;nh năng SOS của&nbsp;<a href=\"https://vnexpress.net/chu-de/apple-inc-1541\" rel=\"dofollow\">Apple</a>&nbsp;c&oacute; sẵn c&aacute;c c&acirc;u hỏi trước khi gửi cảnh b&aacute;o nhằm tăng khả năng th&agrave;nh c&ocirc;ng của nhiệm vụ giải cứu.</p>\r\n\r\n<p>Gửi tin nhắn qua vệ tinh được Apple giới thiệu v&agrave;o th&aacute;ng 9 c&ugrave;ng với iPhone 14, nhưng chỉ mới k&iacute;ch hoạt hơn hai tuần v&agrave; hiện chỉ khả dụng tại Bắc Mỹ. Apple cho biết sẽ hỗ trợ miễn ph&iacute; trong hai năm v&agrave; chưa th&ocirc;ng b&aacute;o kế hoạch thu ph&iacute;.</p>\r\n\r\n<p>Đ&acirc;y kh&ocirc;ng phải lần đầu c&aacute;c thiết bị của Apple cứu người. Trước đ&oacute;, d&ograve;ng đồng hồ th&ocirc;ng minh Apple Watch từng gi&uacute;p cứu một số người đeo khi ph&aacute;t hiện bất thường trong nhịp tim của họ.</p>\r\n', 1, '2022-12-03 22:10:53', 'iphone-14-cuu-nguoi-nho-tin-nhan-sos-qua-ve-tinh'),
(3, 'http://localhost/ThreeTech/uploads/DSCF0769-1670173209.jpg', 'iPad Pro M2 - tablet mạnh hơn laptop cao cấp', '<p>iPad Pro 2022 ra mắt giữa th&aacute;ng 10 tr&ecirc;n to&agrave;n cầu v&agrave; bắt đầu b&aacute;n ch&iacute;nh h&atilde;ng tại Việt Nam từ cuối th&aacute;ng 11. Đ&acirc;y l&agrave; d&ograve;ng m&aacute;y t&iacute;nh bảng đầu ti&ecirc;n sử dụng chip M2, sau hai mẫu laptop MacBook Air v&agrave; MacBook Pro 13 inch đầu năm nay.</p>\r\n\r\n<p>X&eacute;t về ph&acirc;n kh&uacute;c, t&iacute;nh năng, iPad Pro chỉ c&oacute; đối thủ duy nhất tr&ecirc;n thị trường l&agrave; Samsung Galaxy Tab S8 Ultra 5G. Tuy nhi&ecirc;n, sản phẩm của Apple c&oacute; nhiều phi&ecirc;n bản hơn hẳn so với đối thủ, gi&aacute; cao nhất tới 68 triệu đồng, đắt hơn nhiều mẫu laptop cao cấp.</p>\r\n\r\n<p>Với c&aacute;c n&acirc;ng cấp đ&aacute;ng kể về phần mềm, t&iacute;nh năng, Apple cho thấy tham vọng biến iPad Pro th&agrave;nh sản phẩm đa dụng, thay thế laptop truyền thống choi người s&aacute;ng tạo nội dung, hơn l&agrave; một sản phẩm giải tr&iacute; đơn thuần.</p>\r\n\r\n<p style=\"text-align:center\"><img alt=\"\" src=\"https://i1-sohoa.vnecdn.net/2022/12/05/DSCF0776-1670173209.jpg?w=1200&amp;h=0&amp;q=100&amp;dpr=1&amp;fit=crop&amp;s=5GahCHpXKCPasLyHbtjclA\" /></p>\r\n\r\n<p>C&ugrave;ng l&agrave; d&ograve;ng Pro nhưng bản m&agrave;n h&igrave;nh 12,9 inch (trong ảnh) sử dụng tấm nền cao cấp hơn l&agrave; Mini LED trong khi bản 11 inch l&agrave; IPS. Độ ph&acirc;n giải đạt 2.048 x 2.732 pixel, tần số qu&eacute;t 120 Hz, hỗ trợ HDR10, Dolby Vision. Về độ sắc n&eacute;t, khả năng hiển thị m&agrave;u sắc, đ&acirc;y l&agrave; d&ograve;ng h&agrave;ng đầu hiện nay.</p>\r\n\r\n<p>Tương tự c&aacute;c thế hệ trước, tấm nền Mini LED của iPad Pro 12.9 vẫn c&oacute; nhược điểm l&agrave; hiện tượng &quot;blooming&quot; - nh&ograve;e s&aacute;ng khi c&oacute; chi tiết s&aacute;ng trắng xuất hiện tr&ecirc;n nền đen ho&agrave;n to&agrave;n. Tuy nhi&ecirc;n, hiện tượng n&agrave;y &iacute;t xuất hiện v&agrave; kh&ocirc;ng dễ để nhận thấy. X&eacute;t về khả năng hiển thị m&agrave;u đen s&acirc;u, m&agrave;n h&igrave;nh Mini LED tr&ecirc;n iPad Pro k&eacute;m OLED tr&ecirc;n Samsung nhưng độ s&aacute;ng vượt trội, tối đa 1.600 nit.</p>\r\n\r\n<p style=\"text-align:center\"><img src=\"https://i1-sohoa.vnecdn.net/2022/12/05/DSCF0785-1670177462.jpg?w=0&amp;h=0&amp;q=100&amp;dpr=2&amp;fit=crop&amp;s=SMIU01VJgNR3fPFz-4tXaQ\" /></p>\r\n\r\n<p style=\"text-align:center\"><img src=\"https://i1-sohoa.vnecdn.net/2022/12/05/DSCF0789-1670177462.jpg?w=0&amp;h=0&amp;q=100&amp;dpr=2&amp;fit=crop&amp;s=Em2lWnlZfkUFNIi9u1mDPQ\" /></p>\r\n\r\n<p>Thiết kế b&ecirc;n ngo&agrave;i của iPad Pro 2022 gần như kh&ocirc;ng thay đổi so với bản cũ. Model 12,9 inch nặng 682 gram với bản Wi-Fi v&agrave; 685 gram với bản c&oacute; kết nối 5G. K&iacute;ch thước tương đối lớn nếu sử dụng bằng hai tay th&ocirc;ng thường. Thực tế, bản 12,9 inch chủ yếu được Apple hướng đến người d&ugrave;ng thay laptop với b&agrave;n ph&iacute;m t&iacute;ch hợp trong khi bản 11 inch thi&ecirc;n về giải tr&iacute;, d&ugrave;ng tr&ecirc;n tay hơn.</p>\r\n\r\n<p>M&aacute;y c&oacute; lớp vỏ nh&ocirc;m nguy&ecirc;n khối chắc chắn, hệ thống camera sau với một camera ch&iacute;nh 12 megapixel f/1.8 v&agrave; một camera g&oacute;c si&ecirc;u rộng 10 megapixel. Hệ thống loa của m&aacute;y gần như kh&ocirc;ng được n&acirc;ng cấp so với bản M1 nhưng vẫn l&agrave; tablet c&oacute; loa ngo&agrave;i tốt h&agrave;ng đầu hiện nay.</p>\r\n\r\n<p>iPad Pro M2 sử dụng cổng USB-C ti&ecirc;u chuẩn Thunderbolt 4 gi&uacute;p người d&ugrave;ng thuận tiện trong việc sạc, sao ch&eacute;p dữ liệu v&agrave; t&igrave;m kiếm c&aacute;c phụ kiện hỗ trợ. Thiết bị c&oacute; thể nhận c&aacute;c bộ hub chuyển đổi, cắm USB sao lưu dữ liệu trực tiếp như với m&aacute;y t&iacute;nh th&ocirc;ng qua ứng dụng Files.</p>\r\n\r\n<p>Thời lượng pin thực tế của m&aacute;y d&ugrave;ng được khoảng 10 tiếng li&ecirc;n tục với c&aacute;c t&aacute;c vụ th&ocirc;ng thường như xem video, lướt web, mạng x&atilde; hội... Con số n&agrave;y giảm xuống c&ograve;n khoảng 7-8 tiếng nếu k&egrave;m c&aacute;c ứng dụng nặng như c&oacute; chỉnh sửa ảnh, render video.</p>\r\n\r\n<p style=\"text-align:center\"><img alt=\"\" src=\"https://i1-sohoa.vnecdn.net/2022/12/05/DSCF0772-1670173209.jpg?w=1200&amp;h=0&amp;q=100&amp;dpr=1&amp;fit=crop&amp;s=56w9fsRvXF2qWfB6YoM3wQ\" /></p>\r\n\r\n<p>iPad Pro 2022 được Apple khẳng định l&agrave; m&aacute;y t&iacute;nh bảng mạnh nhất thế giới với chip M2 8 l&otilde;i, nhanh hơn chip M1 15%, GPU 10 l&otilde;i cho hiệu năng đồ họa nhanh hơn 35%. Kết hợp CPU v&agrave; GPU, Neural Engine 16 l&otilde;i c&oacute; thể xử l&yacute; 15,8 ngh&igrave;n tỷ hoạt động mỗi gi&acirc;y, nhiều hơn 40% so với M1. Apple c&oacute; sự ph&acirc;n biệt về RAM giữa c&aacute;c bản dung lượng kh&aacute;c nhau. Model 128, 256 v&agrave; 512 GB c&oacute; 8 GB RAM trong khi bản một v&agrave; hai TB l&agrave; 16 GB.</p>\r\n\r\n<p>Tuy nhi&ecirc;n, do c&aacute;c phần mềm chưa được tối ưu, tận dụng sức mạnh của chip M2. Một số thử nghiệm cho thấy thời gian render video 4K của model mới qua ứng dụng CapCut kh&ocirc;ng nhanh hơn đ&aacute;ng kể, thậm ch&iacute; tương đương phi&ecirc;n bản M1.</p>\r\n\r\n<p style=\"text-align:center\"><img alt=\"\" src=\"https://i1-sohoa.vnecdn.net/2022/12/05/DSCF0767-1670173208.jpg?w=1200&amp;h=0&amp;q=100&amp;dpr=1&amp;fit=crop&amp;s=6tEq1fNSCgiIc4pEnqpslg\" /></p>\r\n\r\n<p>Điểm đ&aacute;ng ch&uacute; &yacute; tr&ecirc;n model mới l&agrave; t&iacute;nh năng di chuột (hover) khi kết hợp sử dụng b&uacute;t. Theo đ&oacute;, m&aacute;y c&oacute; thể nhận b&uacute;t Apple Pencil khi c&ograve;n c&aacute;ch m&agrave;n h&igrave;nh tối đa 12 mm. Điều n&agrave;y cho ph&eacute;p người d&ugrave;ng nhận biết điểm chạm trước khi thực sự vẽ hoặc viết chữ. V&iacute; dụ, với t&iacute;nh năng Scribble, đoạn văn bản sẽ tự động mở rộng khi b&uacute;t đến gần v&agrave; c&aacute;c n&eacute;t chữ viết tay chuyển đổi th&agrave;nh đoạn chữ nhanh hơn. Apple cho biết c&aacute;c phần mềm của b&ecirc;n thứ ba cũng sẽ sớm tương th&iacute;ch.</p>\r\n\r\n<p>Kh&ocirc;ng giống c&aacute;c d&ograve;ng iPhone, phụ kiện đi k&egrave;m iPad Pro 2022 bao gồm cả củ sạc. C&aacute;p đi k&egrave;m cũng l&agrave; loại cao cấp khi được bọc vải chống rối, hai đầu đều l&agrave; chuẩn USB-C.</p>\r\n\r\n<p style=\"text-align:center\"><img alt=\"\" src=\"https://i1-sohoa.vnecdn.net/2022/12/05/DSCF0745-1670173207.jpg?w=1200&amp;h=0&amp;q=100&amp;dpr=1&amp;fit=crop&amp;s=oDG4BHwF6EPKWyt7ASFCtg\" /></p>\r\n\r\n<p>Để thực sự đem đến trải nghiệm như laptop với iPad Pro 2022, người d&ugrave;ng cũng cần một bộ b&agrave;n ph&iacute;m ki&ecirc;m case bảo vệ l&agrave; Magic Keyboard với gi&aacute; khoảng 9 triệu đồng. Sản phẩm mở rộng th&ecirc;m một cổng USB-C cho ph&eacute;p sạc v&agrave; trao đổi dữ liệu. Tuy nhi&ecirc;n, bộ case n&agrave;y kh&ocirc;ng c&oacute; khu vực để b&uacute;t Apple Pencil ri&ecirc;ng</p>\r\n', 1, '2022-12-06 03:33:43', 'ipad-pro-m2---tablet-manh-hon-laptop-cao-cap'),
(4, 'http://localhost/ThreeTech/uploads/1x-1-7739-1670469232.jpg', 'Dấu hiệu Mỹ nới lỏng cho ngành bán dẫn Trung Quốc', '<p>Mỹ đưa 128 thực thể Trung Quốc khỏi danh s&aacute;ch trừng phạt thương mại, động th&aacute;i được cho l&agrave; sẽ l&agrave;m dịu căng thẳng của thương chiến Mỹ - Trung.</p>\r\n\r\n<p>Số thực thể tr&ecirc;n được Cục C&ocirc;ng nghiệp v&agrave; An ninh (BIS) thuộc Bộ Thương mại Mỹ đưa ra khỏi Danh s&aacute;ch chưa được x&aacute;c minh (Unverified List). Họ sẽ c&oacute; 60 ng&agrave;y để chứng minh kh&ocirc;ng cung cấp sản phẩm cho qu&acirc;n đội Trung Quốc. Trong số n&agrave;y, c&oacute; 31 c&ocirc;ng ty li&ecirc;n quan đến chất b&aacute;n dẫn mới được th&ecirc;m v&agrave;o danh s&aacute;ch từ 7/10.</p>\r\n\r\n<p style=\"text-align:center\"><img alt=\"Công nhân nhà máy chip ở Thượng Hải đang xem xét một bảng mạch. Ảnh: Bloomberg\" src=\"https://i1-sohoa.vnecdn.net/2022/12/08/1x-1-7739-1670469232.jpg?w=680&amp;h=0&amp;q=100&amp;dpr=1&amp;fit=crop&amp;s=gqa-4QZ4Pu18w3yEp-RQ7g\" /></p>\r\n\r\n<p>C&ocirc;ng nh&acirc;n nh&agrave; m&aacute;y chip ở Thượng Hải đang xem x&eacute;t một bảng mạch. Ảnh:&nbsp;<em>Bloomberg</em></p>\r\n\r\n<p>Unverified List (UVL) l&agrave; danh s&aacute;ch hạn chế thương mại do BIS đưa ra, &aacute;p dụng cho c&aacute;c c&aacute; nh&acirc;n, tổ chức hoặc ch&iacute;nh phủ nước ngo&agrave;i. UVL thường bị nhầm với Danh s&aacute;ch thực thể (Entity List) - vốn l&agrave; hai danh s&aacute;ch ri&ecirc;ng biệt d&ugrave; c&oacute; nhiều điểm tương đồng. Việc một c&ocirc;ng ty c&oacute; t&ecirc;n trong UVL kh&ocirc;ng được coi l&agrave; trừng phạt, nhưng gặp hạn chế nhiều mặt.</p>\r\n\r\n<p>Trong số những c&ocirc;ng ty được BIS nới lỏng c&oacute; Yangtze Memory Technologies Co (YMTC) - nh&agrave; sản xuất bộ nhớ flash NAND h&agrave;ng đầu Trung Quốc, th&agrave;nh lập năm 2016 v&agrave; l&agrave; c&ocirc;ng ty con của Tsinghua Unigroup. Apple từng&nbsp;<a href=\"https://vnexpress.net/cong-ty-chip-trung-quoc-chi-bon-de-tuyen-nhan-vien-4524110.html\" rel=\"dofollow\">dự định</a>&nbsp;d&ugrave;ng chip của YMTC trong iPhone b&aacute;n ra tại Trung Quốc, nhưng kế hoạch bị hủy do c&ocirc;ng ty n&agrave;y bị đưa v&agrave;o UVL từ th&aacute;ng 10.</p>\r\n\r\n<p>Alan Estevez, Thứ trưởng Bộ Thương mại Mỹ, từ chối cung cấp l&yacute; do gỡ những c&ocirc;ng ty Trung Quốc n&agrave;y khỏi danh s&aacute;ch đen. Tuy nhi&ecirc;n, trong một sự kiện ở Washington ng&agrave;y 6/12, &ocirc;ng cho biết Mỹ đang &quot;thấy c&aacute;c h&agrave;nh vi tốt hơn&quot; từ c&aacute;c doanh nghiệp đ&oacute;.</p>\r\n\r\n<p>Trước đ&oacute;, theo&nbsp;<em>SCMP</em>, nhiều c&ocirc;ng ty trong danh s&aacute;ch UVL đ&atilde; đồng &yacute; l&agrave;m việc với c&aacute;c quan chức ch&iacute;nh phủ Mỹ th&ocirc;ng qua Bộ Thương mại Trung Quốc. Trong khi đ&oacute;,&nbsp;<em>Bloomberg&nbsp;</em>cho biết Trung Quốc bắt đầu c&oacute; một số dấu hiệu hợp t&aacute;c trở lại với Mỹ trong việc đảm bảo c&ocirc;ng nghệ Mỹ kh&ocirc;ng được sử dụng trong qu&acirc;n đội Trung Quốc.</p>\r\n\r\n<p>Bộ Thương mại Trung Quốc v&agrave; YMTC kh&ocirc;ng đưa ra b&igrave;nh luận.</p>\r\n\r\n<p>Theo nh&agrave; ph&acirc;n t&iacute;ch Wang Lifu của c&ocirc;ng ty tư vấn b&aacute;n dẫn ICWise, việc đưa ra khỏi UVL mang lại lợi &iacute;ch to lớn cho ng&agrave;nh c&ocirc;ng nghiệp b&aacute;n dẫn Trung Quốc v&igrave; điều n&agrave;y đồng nghĩa họ sẽ kh&ocirc;ng c&oacute; nguy cơ bị đưa v&agrave;o Danh s&aacute;ch thực thể.</p>\r\n\r\n<p>D&ugrave; vậy, giới chuy&ecirc;n gia nhận định biện ph&aacute;p của BIS chỉ l&agrave; &quot;chiến thuật giảm căng thẳng&quot;. &quot;Lệnh trừng phạt của Mỹ vẫn tiếp tục khiến cho mục ti&ecirc;u tự chủ b&aacute;n dẫn của Trung Quốc gặp nhiều th&aacute;ch thức, v&igrave; họ kh&ocirc;ng thể mua c&aacute;c c&ocirc;ng cụ ti&ecirc;n tiến để sản xuất một số loại chip&quot;, Abhinav Davuluri, chiến lược gia c&ocirc;ng nghệ tại c&ocirc;ng ty dịch vụ t&agrave;i ch&iacute;nh Morningstar, nhận định.</p>\r\n\r\n<p>Theo dữ liệu của Tổng cục Hải quan Trung Quốc trong 11 th&aacute;ng qua, việc nhập khẩu mạch t&iacute;ch hợp (IC) đạt 498,5 tỷ chiếc, giảm 14,4% so với mức 582,1 tỷ c&ugrave;ng kỳ năm ngo&aacute;i. Tuy nhi&ecirc;n, tổng gi&aacute; trị IC nhập khẩu chỉ giảm 1,8% xuống c&ograve;n 381,2 tỷ USD. C&oacute; nghĩa, Trung Quốc đ&atilde; mua chip với chi ph&iacute; cao hơn, d&ugrave; gi&aacute; chất b&aacute;n dẫn tr&ecirc;n to&agrave;n thế giới giảm do dư cung v&agrave; nền kinh tế to&agrave;n cầu đang chững lại. Ngo&agrave;i ra, nhập khẩu chip h&agrave;ng th&aacute;ng đạt 40,5 tỷ đơn vị trong th&aacute;ng 11, giảm 1,4% so với mức 41,1 tỷ trong th&aacute;ng 10.</p>\r\n', 1, '2022-12-08 20:58:41', 'dau-hieu-my-noi-long-cho-nganh-ban-dan-trung-quoc'),
(5, 'http://localhost/ThreeTech/uploads/315970149-826542238404299-1187-7386-1213-1670478283.jpg', 'Trưa mai bắt đầu Chung kết Tech Awards 2022', '<p>Loạt sản phẩm v&agrave; thương hiệu c&oacute; lượt b&igrave;nh chọn cao nhất ở v&ograve;ng Sơ loại sẽ tiếp tục tranh t&agrave;i trong ba tuần của v&ograve;ng Chung kết Tech Awards.</p>\r\n\r\n<p>V&ograve;ng Chung kết&nbsp;<a href=\"https://vnexpress.net/so-hoa/tech-awards-2022?utm_source=VnExpress&amp;utm_medium=Sohoa&amp;utm_campaign=Binhchonsoloai_0812&amp;utm_content=TA22\" rel=\"dofollow\">Tech Awards 2022</a>&nbsp;sẽ bắt đầu từ 12h ng&agrave;y 9/12 v&agrave; kết th&uacute;c v&agrave;o 31/12, d&agrave;nh cho c&aacute;c sản phẩm, thương hiệu đ&atilde; chiến thắng trong v&ograve;ng Sơ loại (diễn ra từ 18/11 đến 4/12).</p>\r\n\r\n<p>V&ograve;ng Sơ loại ghi nhận sự quan t&acirc;m lớn của độc giả khi thu h&uacute;t gần 40.000 lượt b&igrave;nh chọn cho hơn 60 sản phẩm, ứng dụng v&agrave; nền tảng v&agrave; 40 thương hiệu thuộc ba nh&oacute;m: Sản phẩm số, Thương hiệu gia dụng, Nền tảng - Ứng dụng. Ba hạng mục thu h&uacute;t số lượt b&igrave;nh chọn cao nhất l&agrave; Laptop xuất sắc, TV gia đ&igrave;nh tốt nhất v&agrave; Nền tảng thương mại điện tử xuất sắc.</p>\r\n\r\n<p style=\"text-align:center\"><img alt=\"Vòng Chung kết Tech Awards 2022 sẽ diễn ra trưa mai. Ảnh: Khương Nha\" src=\"https://i1-sohoa.vnecdn.net/2022/12/08/315970149-826542238404299-1187-7386-1213-1670478283.jpg?w=680&amp;h=0&amp;q=100&amp;dpr=1&amp;fit=crop&amp;s=FYtHsygvNThuBfWtEA9_HA\" /></p>\r\n\r\n<p>V&ograve;ng Chung kết Tech Awards 2022 sẽ diễn ra trưa mai. Ảnh:&nbsp;<em>Khương Nha</em></p>\r\n\r\n<p>Ở v&ograve;ng Sơ loại, kết quả ho&agrave;n to&agrave;n phụ thuộc v&agrave;o số lượt b&igrave;nh chọn từ độc giả. Trong khi đ&oacute;, tại v&ograve;ng Chung kết, đ&aacute;nh gi&aacute; của độc giả sẽ chiếm 40% tổng điểm chung cuộc. Ngo&agrave;i việc chọn sản phẩm, thương hiệu tốt nhất, độc giả cần sắp xếp thứ hạng cho c&aacute;c sản phẩm, thương hiệu c&ograve;n lại trong mỗi hạng mục.</p>\r\n\r\n<p>Trong khi đ&oacute;, 60% điểm c&ograve;n thuộc về Ban gi&aacute;m khảo l&agrave; c&aacute;c chuy&ecirc;n gia, nh&agrave; b&aacute;o c&ocirc;ng nghệ uy t&iacute;n, c&oacute; nhiều năm kinh nghiệm trong lĩnh vực c&ocirc;ng nghệ tại Việt Nam. Theo chuy&ecirc;n gia Phạm Hồng Phước, một th&agrave;nh vi&ecirc;n trong ban gi&aacute;m khảo, tỷ lệ điểm 40/60 từ người d&ugrave;ng v&agrave; ban chuy&ecirc;n m&ocirc;n l&agrave; thỏa đ&aacute;ng v&agrave; tạo được gi&aacute; trị của một giải thưởng c&ocirc;ng nghệ to&agrave;n diện.</p>\r\n\r\n<p><a href=\"https://vnexpress.net/so-hoa/tech-awards-2022?utm_source=VnExpress&amp;utm_medium=Sohoa&amp;utm_campaign=Binhchonsoloai_0812&amp;utm_content=TA22\" rel=\"dofollow\">Tech Awards</a>&nbsp;- chương tr&igrave;nh B&igrave;nh chọn Sản phẩm c&ocirc;ng nghệ xuất sắc - được&nbsp;<em>VnExpress Số H&oacute;a</em>&nbsp;tổ chức thường ni&ecirc;n từ 2012. Lễ trao giải Tech Awards 2022 dự kiến diễn ra ng&agrave;y 6/1/2023 tại TP HCM.</p>\r\n\r\n<p>Song song với lễ trao giải l&agrave; hội thảo Tech Summit 2023 với hai phi&ecirc;n diễn đ&agrave;n Th&agrave;nh phố th&ocirc;ng minh v&agrave; Xu hướng c&ocirc;ng nghệ 2023. Trong đ&oacute;, diễn đ&agrave;n Th&agrave;nh phố th&ocirc;ng minh l&agrave; nơi c&aacute;c nh&agrave; l&atilde;nh đạo v&agrave; chuy&ecirc;n gia c&ocirc;ng nghệ b&agrave;n về việc th&uacute;c đẩy th&agrave;nh phố th&ocirc;ng minh tại Việt Nam, với c&aacute;c vấn đề li&ecirc;n quan đến ch&iacute;nh phủ số, kinh tế số, x&atilde; hội số, c&ocirc;ng d&acirc;n số v&agrave; c&aacute;c xu hướng, c&ocirc;ng nghệ kết nối.</p>\r\n', 1, '2022-12-08 20:59:46', 'trua-mai-bat-dau-chung-ket-tech-awards-2022'),
(6, 'http://localhost/ThreeTech/uploads/A-nh-chu-p-Ma-n-hi-nh-2022-12-2963-8349-1670404068.png', 'Microsoft cũng ôm mộng siêu ứng dụng', '<p>Tương tự Meta v&agrave; Twitter, Microsoft được cho l&agrave; đang xem x&eacute;t x&acirc;y dựng một si&ecirc;u ứng dụng nhằn lấn s&acirc;n sang c&aacute;c dịch vụ ti&ecirc;u d&ugrave;ng.</p>\r\n\r\n<p>Theo&nbsp;<em>The Information</em>, si&ecirc;u ứng dụng theo h&igrave;nh dung của&nbsp;<a href=\"https://vnexpress.net/chu-de/microsoft-1553\" rel=\"dofollow\">Microsoft</a>&nbsp;c&oacute; thể kết hợp mua sắm, nhắn tin, t&igrave;m kiếm trực tuyến, cung cấp tin tức v&agrave; c&aacute;c dịch vụ kh&aacute;c trong một ứng dụng smartphone duy nhất. C&aacute;c l&atilde;nh đạo c&ocirc;ng ty đang muốn th&ocirc;ng qua si&ecirc;u ứng dụng n&agrave;y để th&uacute;c đẩy mảng quảng c&aacute;o trị gi&aacute; h&agrave;ng tỷ USD, đẩy mạnh c&ocirc;ng cụ t&igrave;m kiếm Bing cũng như thu h&uacute;t nhiều người d&ugrave;ng hơn đến với dịch vụ nhắn tin Teams v&agrave; c&aacute;c dịch vụ di động kh&aacute;c.</p>\r\n\r\n<p style=\"text-align:center\"><img alt=\"Smartphone hiển thị logo Microsoft được chụp ngày 26/7/2021. Ảnh: Reuters\" src=\"https://i1-sohoa.vnecdn.net/2022/12/07/A-nh-chu-p-Ma-n-hi-nh-2022-12-2963-8349-1670404068.png?w=680&amp;h=0&amp;q=100&amp;dpr=1&amp;fit=crop&amp;s=81OZSpaJF1lt2EMxH40MWw\" /></p>\r\n\r\n<p>Smartphone hiển thị logo Microsoft. Ảnh:&nbsp;<em>Reuters</em></p>\r\n\r\n<p>Kh&aacute;c với&nbsp;<a href=\"https://vnexpress.net/chu-de/apple-inc-1541\" rel=\"dofollow\">Apple</a>&nbsp;v&agrave;&nbsp;<a href=\"https://vnexpress.net/chu-de/google-1539\" rel=\"dofollow\">Google</a>, Microsoft kh&ocirc;ng vận h&agrave;nh cửa h&agrave;ng ứng dụng cho người d&ugrave;ng smartphone. Trong khi đ&oacute;, c&ocirc;ng ty vẫn cung cấp nhiều phần mềm ở đa dạng lĩnh vực cho người d&ugrave;ng c&aacute; nh&acirc;n v&agrave; doanh nghiệp. Việc tập hợp c&aacute;c ứng dụng v&agrave;o một nơi c&oacute; thể gi&uacute;p h&atilde;ng dễ kiểm so&aacute;t hơn.</p>\r\n\r\n<p>Nguồn tin cũng cho biết, ứng dụng WeChat l&agrave; &quot;nguồn cảm hứng&quot; để c&aacute;c l&atilde;nh đạo Microsoft nghĩ đến si&ecirc;u ứng dụng. WeChat hiện l&agrave; nền tảng phổ biến nhất Trung Quốc với 1,25 tỷ người d&ugrave;ng hoạt động h&agrave;ng th&aacute;ng, c&oacute; khả năng kết hợp nhắn tin với mua sắm, tr&ograve; chơi trực tuyến, tin tức v&agrave; nhiều dịch vụ trực tuyến kh&aacute;c.</p>\r\n\r\n<p>Si&ecirc;u ứng dụng đang rất thịnh h&agrave;nh tại ch&acirc;u &Aacute; với WeChat, Grab, KakaoTalk, Paytm... nhưng lại chưa ph&aacute;t triển ở Mỹ v&agrave; ch&acirc;u &Acirc;u. Snapchat từng cho ra mắt ứng dụng thanh to&aacute;n ngang h&agrave;ng Snapcash nhưng đ&atilde; ngừng hoạt động từ 2018. Facebook v&agrave; Instagram cũng t&igrave;m c&aacute;ch mở rộng ngo&agrave;i khu&ocirc;n khổ mạng x&atilde; hội v&agrave; nhắn tin, nhưng chưa đạt kết quả cụ thể.</p>\r\n\r\n<p>Tuy nhi&ecirc;n, c&oacute; dấu hiệu cho thấy c&aacute;c &ocirc;ng lớn c&ocirc;ng nghệ phương T&acirc;y đang để mắt đến mảnh đất mới n&agrave;y. Th&aacute;ng trước, Meta được cho l&agrave; đang&nbsp;<a href=\"https://vnexpress.net/tham-vong-sieu-ung-dung-cua-facebook-4540762.html\" rel=\"dofollow\">t&igrave;m c&aacute;ch</a>&nbsp;biến WhatsApp th&agrave;nh si&ecirc;u ứng dụng để tăng nguồn thu trong bối cảnh canh bạc metaverse qu&aacute; mạo hiểm. WhatsApp c&oacute; thể t&iacute;ch hợp c&aacute;c t&iacute;nh năng về li&ecirc;n lạc, mua sắm, đặt h&agrave;ng, thanh to&aacute;n trong một ứng dụng duy nhất.</p>\r\n\r\n<p>Hồi giữa năm, Elon Musk cho biết việc mua Twitter sẽ phục vụ cho&nbsp;<a href=\"https://vnexpress.net/ly-do-elon-musk-muon-tao-sieu-ung-dung-4529761.html\" rel=\"dofollow\">tham vọng</a>&nbsp;&quot;si&ecirc;u ứng dụng X&quot; của &ocirc;ng. &Ocirc;ng kh&ocirc;ng đề cập chi tiết X hoạt động như thế n&agrave;o, nhưng khẳng định việc sở hữu Twitter gi&uacute;p &quot;tăng tốc qu&aacute; tr&igrave;nh ph&aacute;t triển X từ 3 đến 5 năm&quot;.</p>\r\n', 1, '2022-12-08 21:00:32', 'microsoft-cung-om-mong-sieu-ung-dung'),
(7, 'http://localhost/ThreeTech/uploads/google-yis-JPG-8753-1670400588.jpg', 'Người Việt tìm kiếm gì trên Google 2022', '<p>&quot;World Cup 2022&quot; l&agrave; chủ đề t&igrave;m kiếm tăng trưởng mạnh nhất tại Việt Nam trong năm, b&ecirc;n cạnh nội dung học trực tuyến, giải tr&iacute;.</p>\r\n\r\n<p>Theo danh s&aacute;ch xu hướng t&igrave;m kiếm nổi bật của người Việt năm 2022 vừa được Google c&ocirc;ng bố chiều nay, &quot;World Cup 2022&quot; dẫn đầu trong c&aacute;c xu hướng tiềm kiếm nổi bật của năm. Vị tr&iacute; thứ hai thuộc về &quot;Olm&quot; - nền tảng học trực tuyến trong nước, v&agrave; thứ ba l&agrave; &quot;Hẹn h&ograve; chốn c&ocirc;ng sở&quot; - t&ecirc;n một bộ phim tr&ecirc;n nền tảng online.</p>\r\n\r\n<p>C&aacute;c chủ đề nổi bật được Google t&iacute;nh dựa tr&ecirc;n sự tăng trưởng số lượt t&igrave;m kiếm so với năm trước đ&oacute;. Danh s&aacute;ch top 10 năm nay hầu hết thuộc về c&aacute;c chủ đề li&ecirc;n quan đến b&oacute;ng đ&aacute;, phim H&agrave;n Quốc v&agrave; học trực tuyến. Năm 2021, chủ đề kiếm nổi bật nhất tại Việt Nam cũng li&ecirc;n quan đến b&oacute;ng đ&aacute;, l&agrave; &quot;Lịch thi đấu Euro&quot;.</p>\r\n\r\n<p style=\"text-align:center\"><img alt=\"Các chủ đề được tìm kiếm nhiều trên Google tại Việt Nam năm 2022. Ảnh: Google\" src=\"https://i1-sohoa.vnecdn.net/2022/12/07/google-yis-JPG-8753-1670400588.jpg?w=680&amp;h=0&amp;q=100&amp;dpr=1&amp;fit=crop&amp;s=ET_tZOU9bVqCG1TfX6wO_g\" /></p>\r\n\r\n<p>C&aacute;c chủ đề thịnh h&agrave;nh tr&ecirc;n Google tại Việt Nam năm 2022. Ảnh:&nbsp;<em>Google</em></p>\r\n\r\n<p>Theo đ&aacute;nh gi&aacute; của&nbsp;<a href=\"https://vnexpress.net/chu-de/google-1539\" rel=\"dofollow\">Google</a>, 2022 l&agrave; năm s&ocirc;i động của c&aacute;c giải thể thao v&agrave; nội dung giải tr&iacute;. Ngo&agrave;i World Cup, người Việt t&igrave;m kiếm c&aacute;c chủ đề kh&aacute;c như SEA Games 31, U23 ch&acirc;u &Aacute; v&agrave; Ngoại hạng Anh. Từ kh&oacute;a &quot;đi b&atilde;o&quot;, vốn được d&ugrave;ng nhiều trong c&aacute;c trận thắng của đội tuyển b&oacute;ng đ&aacute; Việt Nam tăng trưởng 1.400% về t&igrave;m kiếm so với năm trước đ&oacute;.</p>\r\n\r\n<p>Trong khi đ&oacute;, c&aacute;c từ kh&oacute;a li&ecirc;n quan đến đại dịch dần biến mất khỏi danh s&aacute;ch. Theo thống k&ecirc;, &quot;Covid&quot; từng được t&igrave;m kiếm mạnh v&agrave;o cuối th&aacute;ng 2, nhưng sau đ&oacute; giảm hơn 1.250% kể từ th&aacute;ng 5. Một số từ kh&oacute;a li&ecirc;n quan đến c&aacute;c nền tảng học trực tuyến cũng tăng hồi đầu năm, nhưng hiện đ&atilde; giảm đ&aacute;ng kể.</p>\r\n\r\n<p>Năm nay, Google đưa trở lại hai hạng mục sau thời gian gi&aacute;n đoạn v&igrave; Covid-19, l&agrave; phim chiếu rạp v&agrave; du lịch với hai chủ đề dẫn đầu lần lượt l&agrave; &quot;Doctor Strange&quot; v&agrave; &quot;Du lịch Hạ Long&quot;.</p>\r\n\r\n<p>Tr&ecirc;n thế giới, chủ đề được t&igrave;m kiếm nhiều nhất l&agrave;&nbsp;<a href=\"https://vnexpress.net/so-hoa/wordle-game-do-chu-thu-hut-2-trieu-nguoi-choi-moi-ngay-4416489.html\" rel=\"dofollow\">Wordle</a>&nbsp;- t&ecirc;n một tr&ograve; chơi giải &ocirc; chữ.</p>\r\n\r\n<p><strong>Người Việt th&iacute;ch xem YouTube tr&ecirc;n TV</strong></p>\r\n\r\n<p>B&aacute;o c&aacute;o của Google cũng cho thấy Việt Nam l&agrave; một trong những nước c&oacute; lượng người xem YouTube tr&ecirc;n TV cao nhất, với 30 triệu người xem t&iacute;nh đến th&aacute;ng 5. Theo kết quả khảo s&aacute;t &quot;Why Video&quot; được Ipsos thực hiện trong th&aacute;ng 5, 77% người d&ugrave;ng Việt cho rằng YouTube l&agrave; một k&ecirc;nh truyền h&igrave;nh tr&ecirc;n TV.</p>\r\n\r\n<p>Sau 8 năm c&oacute; mặt tại Việt Nam, YouTube cho biết đ&atilde; kết nối hơn 45 triệu người Việt tr&ecirc;n 18 tuổi. Trước xu hướng mạng x&atilde; hội video như TikTok, nền tảng n&agrave;y đ&atilde; cho ra mắt Shorts v&agrave; đang thu h&uacute;t 30 tỷ lượt xem mỗi ng&agrave;y tr&ecirc;n to&agrave;n cầu, tăng trưởng gấp bốn lần so với năm 2021.</p>\r\n', 1, '2022-12-08 21:01:17', 'nguoi-viet-tim-kiem-gi-tren-google-2022'),
(8, 'http://localhost/ThreeTech/uploads/ezgif_com-gif-maker1.jpg', 'Tecno ra mắt điện thoại cao cấp có camera độc lạ', '<p>Thương hiệu Tecno mới đ&acirc;y đ&atilde; giới thiệu mẫu smartphone Phantom X2, phi&ecirc;n bản kế nhiệm của Phantom X ra mắt hồi giữa năm ngo&aacute;i. Phantom X2 c&oacute; 2 phi&ecirc;n bản ti&ecirc;u chuẩn v&agrave; Pro. Cả 2 bản n&agrave;y đều c&oacute; cụm camera thiết kế lạ mắt, trong đ&oacute; bản Pro c&oacute; camera tele &quot;th&ograve; thụt&quot; k&egrave;m khẩu độ mở ống k&iacute;nh lớn tới f/1.65, lớn nhất tr&ecirc;n thị trường hiện tại.</p>\r\n\r\n<p>&nbsp;</p>\r\n\r\n<p style=\"text-align:center\"><a href=\"https://genk.mediacdn.vn/139269124445442048/2022/12/8/gsmarena005-16704245247821705716495-1670495028946-1670495029537813096202.jpg\" target=\"_blank\" title=\"\"><img alt=\"Tecno ra mắt điện thoại cao cấp có camera độc lạ - Ảnh 1.\" id=\"img_524961685665308672\" src=\"https://genk.mediacdn.vn/139269124445442048/2022/12/8/gsmarena005-16704245247821705716495-1670495028946-1670495029537813096202.jpg\" title=\"Tecno ra mắt điện thoại cao cấp có camera độc lạ - Ảnh 1.\" /></a></p>\r\n\r\n<p>Phantom X2 series l&agrave; d&ograve;ng flagship của Tecno với thiết kế cao cấp. M&aacute;y c&oacute; mặt lưng ho&agrave;n thiện từ k&iacute;nh v&agrave; khung viền kim loại. Điểm nhấn ở mặt lưng l&agrave; cụm camera được thiết kế kh&aacute; lạ mắt, gồm một m&ocirc;-đun lớn với 3 ống k&iacute;nh, trong đ&oacute; bản ti&ecirc;u chuẩn c&oacute; camera g&oacute;c rộng 64MP, camera g&oacute;c si&ecirc;u rộng 13MP v&agrave; camera đo chiều s&acirc;u 2MP, c&ograve;n bản Pro c&oacute; camera g&oacute;c rộng 50MP, camera tele 2X &quot;th&ograve; thụt&quot; với khẩu độ f/1.65 lớn nhất tr&ecirc;n thị trường, k&egrave;m camera g&oacute;c si&ecirc;u rộng 13MP.</p>\r\n\r\n<p>&nbsp;</p>\r\n\r\n<p style=\"text-align:center\"><a href=\"https://genk.mediacdn.vn/139269124445442048/2022/12/8/gsmarena019-16704245255911939612464-1670495037092-16704950372301971363649.jpg\" target=\"_blank\" title=\"\"><img alt=\"Tecno ra mắt điện thoại cao cấp có camera độc lạ - Ảnh 2.\" id=\"img_524961648003649536\" src=\"https://genk.mediacdn.vn/139269124445442048/2022/12/8/gsmarena019-16704245255911939612464-1670495037092-16704950372301971363649.jpg\" title=\"Tecno ra mắt điện thoại cao cấp có camera độc lạ - Ảnh 2.\" /></a></p>\r\n\r\n<p>Ở mặt trước, Phantom X2 v&agrave; X2 Pro đều c&oacute; m&agrave;n h&igrave;nh 6.8 inch, sử dụng tấm nền AMOLED FHD+ với tần số qu&eacute;t 120Hz. M&agrave;n h&igrave;nh n&agrave;y c&oacute; thiết kế cong cạnh, camera selfie &quot;nốt ruồi&quot; 32MP v&agrave; c&oacute; cảm biến v&acirc;n tay b&ecirc;n dưới.</p>\r\n\r\n<p>&nbsp;</p>\r\n\r\n<p style=\"text-align:center\"><a href=\"https://genk.mediacdn.vn/139269124445442048/2022/12/8/gsmarena025-16704245258901689376417-1670495040918-1670495041164236390631.jpg\" target=\"_blank\" title=\"\"><img alt=\"Tecno ra mắt điện thoại cao cấp có camera độc lạ - Ảnh 3.\" id=\"img_524961509414092800\" src=\"https://genk.mediacdn.vn/139269124445442048/2022/12/8/gsmarena025-16704245258901689376417-1670495040918-1670495041164236390631.jpg\" title=\"Tecno ra mắt điện thoại cao cấp có camera độc lạ - Ảnh 3.\" /></a></p>\r\n\r\n<p>Về hiệu năng, cả 2 phi&ecirc;n bản X2 v&agrave; X2 Pro đều trang bị con chip Dimensity 9000 tới từ MediaTek. D&ugrave; kh&ocirc;ng phải con chip mới nhất nhưng đ&acirc;y vẫn l&agrave; con chip mạnh mẽ, cho hiệu năng đ&aacute;p ứng c&aacute;c nhu cầu chơi game đồ hoạ nặng. M&aacute;y c&oacute; RAM 8GB/12GB, bộ nhớ 256GB. Vi&ecirc;n pion 5160mAh v&agrave; hỗ trợ sạc nhanh 45W tr&ecirc;n cả 2 phi&ecirc;n bản.</p>\r\n\r\n<p>&nbsp;</p>\r\n\r\n<p style=\"text-align:center\"><a href=\"https://genk.mediacdn.vn/139269124445442048/2022/12/8/gsmarena021-1670424525736620704963-1670495046168-16704950463011058433632.jpg\" target=\"_blank\" title=\"\"><img alt=\"Tecno ra mắt điện thoại cao cấp có camera độc lạ - Ảnh 4.\" id=\"img_524961859494092800\" src=\"https://genk.mediacdn.vn/139269124445442048/2022/12/8/gsmarena021-1670424525736620704963-1670495046168-16704950463011058433632.jpg\" title=\"Tecno ra mắt điện thoại cao cấp có camera độc lạ - Ảnh 4.\" /></a></p>\r\n\r\n<p>Gi&aacute; b&aacute;n của Tecno Phantom X2 v&agrave; X2 Pro tại thị trường Ả Rập lần lượt l&agrave; 2700 SAR v&agrave; 3500 SAR, tương đương 17.2 triệu v&agrave; 22.3 triệu đồng.</p>\r\n', 1, '2022-12-08 21:03:38', 'tecno-ra-mat-dien-thoai-cao-cap-co-camera-doc-la');

-- --------------------------------------------------------

--
-- Table structure for table `vnpay`
--

CREATE TABLE `vnpay` (
  `khachHangId` int(11) NOT NULL,
  `madonhang` varchar(255) NOT NULL,
  `sotien` float NOT NULL,
  `noidung` varchar(255) NOT NULL,
  `nganhang` varchar(255) NOT NULL,
  `thoigian` timestamp NOT NULL DEFAULT current_timestamp() ON UPDATE current_timestamp(),
  `magiaodich` varchar(255) NOT NULL
) ENGINE=InnoDB DEFAULT CHARSET=utf8 COLLATE=utf8_unicode_ci;

--
-- Dumping data for table `vnpay`
--

INSERT INTO `vnpay` (`khachHangId`, `madonhang`, `sotien`, `noidung`, `nganhang`, `thoigian`, `magiaodich`) VALUES
(1, '1670757608', 0, 'thanh toan vnpay', 'NCB', '2022-12-11 11:22:11', '13900883'),
(1, '1701673294', 11590000, 'thanh toan vnpay', 'NCB', '2023-12-04 07:02:18', '14216276');

--
-- Indexes for dumped tables
--

--
-- Indexes for table `chamcong`
--
ALTER TABLE `chamcong`
  ADD PRIMARY KEY (`chamCongId`);

--
-- Indexes for table `chitiethoadon`
--
ALTER TABLE `chitiethoadon`
  ADD PRIMARY KEY (`chitiethoadonID`);

--
-- Indexes for table `chuyenmuc`
--
ALTER TABLE `chuyenmuc`
  ADD PRIMARY KEY (`chuyenMucId`);

--
-- Indexes for table `dathang`
--
ALTER TABLE `dathang`
  ADD PRIMARY KEY (`datHangId`);

--
-- Indexes for table `giohang`
--
ALTER TABLE `giohang`
  ADD PRIMARY KEY (`gioHangId`);

--
-- Indexes for table `khachhang`
--
ALTER TABLE `khachhang`
  ADD PRIMARY KEY (`khachHangId`);

--
-- Indexes for table `lienhe`
--
ALTER TABLE `lienhe`
  ADD PRIMARY KEY (`lienHeId`);

--
-- Indexes for table `nhanvien`
--
ALTER TABLE `nhanvien`
  ADD PRIMARY KEY (`nhanVienId`);

--
-- Indexes for table `sanpham`
--
ALTER TABLE `sanpham`
  ADD PRIMARY KEY (`sanPhamId`);

--
-- Indexes for table `tintuc`
--
ALTER TABLE `tintuc`
  ADD PRIMARY KEY (`tinTucId`);

--
-- AUTO_INCREMENT for dumped tables
--

--
-- AUTO_INCREMENT for table `chamcong`
--
ALTER TABLE `chamcong`
  MODIFY `chamCongId` int(11) NOT NULL AUTO_INCREMENT, AUTO_INCREMENT=19;

--
-- AUTO_INCREMENT for table `chitiethoadon`
--
ALTER TABLE `chitiethoadon`
  MODIFY `chitiethoadonID` int(11) NOT NULL AUTO_INCREMENT, AUTO_INCREMENT=35;

--
-- AUTO_INCREMENT for table `chuyenmuc`
--
ALTER TABLE `chuyenmuc`
  MODIFY `chuyenMucId` int(11) NOT NULL AUTO_INCREMENT, AUTO_INCREMENT=4;

--
-- AUTO_INCREMENT for table `dathang`
--
ALTER TABLE `dathang`
  MODIFY `datHangId` int(11) NOT NULL AUTO_INCREMENT, AUTO_INCREMENT=29;

--
-- AUTO_INCREMENT for table `giohang`
--
ALTER TABLE `giohang`
  MODIFY `gioHangId` int(11) NOT NULL AUTO_INCREMENT, AUTO_INCREMENT=71;

--
-- AUTO_INCREMENT for table `khachhang`
--
ALTER TABLE `khachhang`
  MODIFY `khachHangId` int(11) NOT NULL AUTO_INCREMENT, AUTO_INCREMENT=11;

--
-- AUTO_INCREMENT for table `lienhe`
--
ALTER TABLE `lienhe`
  MODIFY `lienHeId` int(11) NOT NULL AUTO_INCREMENT, AUTO_INCREMENT=4;

--
-- AUTO_INCREMENT for table `nhanvien`
--
ALTER TABLE `nhanvien`
  MODIFY `nhanVienId` int(11) NOT NULL AUTO_INCREMENT, AUTO_INCREMENT=23;

--
-- AUTO_INCREMENT for table `sanpham`
--
ALTER TABLE `sanpham`
  MODIFY `sanPhamId` int(11) NOT NULL AUTO_INCREMENT, AUTO_INCREMENT=104;

--
-- AUTO_INCREMENT for table `tintuc`
--
ALTER TABLE `tintuc`
  MODIFY `tinTucId` int(11) NOT NULL AUTO_INCREMENT, AUTO_INCREMENT=9;
COMMIT;

/*!40101 SET CHARACTER_SET_CLIENT=@OLD_CHARACTER_SET_CLIENT */;
/*!40101 SET CHARACTER_SET_RESULTS=@OLD_CHARACTER_SET_RESULTS */;
/*!40101 SET COLLATION_CONNECTION=@OLD_COLLATION_CONNECTION */;
